player_id,player_name,position,team,projected_points,confidence,prev_season_points,prev_season_games,age,overall_rank,position_rank,tier,tier_label,starter_probability,original_projected_points,point_change,expected_games_played,injury_risk_score,age_multiplier,player_multiplier,games_adjustment,injury_risk_category
00-0036963,Amon-Ra St. Brown,WR,DET,441.0,High,703.499993801117,19.0,25.9,18.0,1.0,1,Elite WR1,,510.0,-69.00000000000006,14.7,2.3,1.0,1.0,0.8647058823529411,Medium Risk
00-0039075,Puka Nacua,WR,LA,441.0,High,587.8999967575073,18.0,24.3,18.0,1.0,1,Elite WR1,,510.0,-69.00000000000006,14.7,2.3,1.0,1.0,0.8647058823529411,Medium Risk
00-0036900,Ja'Marr Chase,WR,CIN,441.0,High,477.2200060784817,16.0,25.5,18.0,1.0,1,Elite WR1,,510.0,-69.00000000000006,14.7,2.3,1.0,1.0,0.8647058823529411,Medium Risk
00-0036358,CeeDee Lamb,WR,DAL,432.35294117647055,High,748.2000093460083,18.0,26.4,22.0,4.0,1,Elite WR1,,500.0,-67.64705882352945,14.7,2.3,1.0,1.0,0.8647058823529411,Medium Risk
00-0036322,Justin Jefferson,WR,MIN,428.61291405212734,High,357.7000014781952,10.0,26.2,23.0,5.0,1,Elite WR1,,495.6747985636847,-67.06188451155737,14.7,2.3,1.0,1.0,0.8647058823529411,Medium Risk
00-0033040,Tyreek Hill,WR,MIA,399.6970588235294,High,676.6000061035156,17.0,31.5,28.0,6.0,1,Elite WR1,,485.0,-85.3029411764706,14.01,2.99,1.3,1.0,0.8241176470588235,High Risk
00-0035676,A.J. Brown,WR,PHI,367.5302997821772,High,528.6000061035156,17.0,28.2,35.0,7.0,2,WR1,,425.0350405644226,-57.50474078224545,14.7,2.3,1.0,1.0,0.8647058823529411,Medium Risk
00-0038994,Jordan Addison,WR,MIN,361.825294711342,High,364.7999984771013,17.0,23.6,37.0,8.0,2,WR1,,411.9912933752722,-50.16599866393023,14.93,2.07,0.9,1.0,0.878235294117647,Medium Risk
00-0036554,Nico Collins,WR,HOU,339.1136587043562,High,491.7000061273575,17.0,26.5,40.0,9.0,2,WR1,,392.1722583655821,-53.058599661225855,14.7,2.3,1.0,1.0,0.8647058823529411,Medium Risk
00-0034827,DJ Moore,WR,CHI,337.2966335675983,High,499.500009059906,17.0,28.4,41.0,10.0,2,WR1,,390.0709367788552,-52.77430321125689,14.7,2.3,1.0,1.0,0.8647058823529411,Medium Risk
00-0039064,Zay Flowers,WR,BAL,336.2406294911951,High,417.4000015258789,18.0,25.0,42.0,11.0,2,WR1,,388.8497075748515,-52.609078083656414,14.7,2.3,1.0,1.0,0.8647058823529411,Medium Risk
00-0037740,Garrett Wilson,WR,NYJ,334.523939935221,High,415.69999697059393,17.0,25.1,43.0,12.0,2,WR1,,386.8644203332488,-52.34048039802781,14.7,2.3,1.0,1.0,0.8647058823529411,Medium Risk
00-0031381,Davante Adams,WR,NYJ,330.53678399779966,High,484.9000015258789,17.0,32.7,45.0,13.0,2,WR1,,405.06958823259765,-74.532804234798,13.872,3.128,1.6,0.85,0.816,High Risk
00-0036252,Michael Pittman,WR,IND,324.2080961653831,High,464.6999969482422,16.0,27.9,48.0,14.0,2,WR1,,374.934532980375,-50.72643681499193,14.7,2.3,1.0,1.0,0.8647058823529411,Medium Risk
00-0036912,DeVonta Smith,WR,PHI,321.93722725468564,High,438.9000015258789,17.0,26.8,51.0,15.0,2,WR1,,372.30835804963647,-50.37113079495083,14.7,2.3,1.0,1.0,0.8647058823529411,Medium Risk
00-0039146,Jayden Reed,WR,GB,318.99382059411954,High,371.1000032424927,18.0,25.3,55.0,16.0,2,WR1,,368.9044183741519,-49.91059778003233,14.7,2.3,1.0,1.0,0.8647058823529411,Medium Risk
00-0031408,Mike Evans,WR,TB,315.19387822596065,High,515.0,19.0,32.0,57.0,17.0,2,WR1,,390.8027080330633,-75.60882980710267,13.711,3.289,1.3,1.1,0.8065294117647059,High Risk
00-0037238,Drake London,WR,ATL,304.7474584034085,High,326.8799999952316,16.0,24.1,59.0,18.0,2,WR1,,352.42903352775136,-47.681575124342885,14.7,2.3,1.0,1.0,0.8647058823529411,Medium Risk
00-0035640,DK Metcalf,WR,SEA,304.58600806119694,High,376.4000015258789,16.0,27.7,60.0,19.0,3,WR2,,352.24232224764273,-47.6563141864458,14.7,2.3,1.0,1.0,0.8647058823529411,Medium Risk
00-0034960,Jakobi Meyers,WR,LV,303.545310772324,High,378.0799970328808,16.0,28.8,61.0,20.0,3,WR2,,351.03879477071484,-47.49348399839084,14.7,2.3,1.0,1.0,0.8647058823529411,Medium Risk
00-0036613,Jaylen Waddle,WR,MIA,298.6927737904214,High,373.59999990463257,15.0,26.8,63.0,21.0,3,WR2,,345.42701730865065,-46.73424351822922,14.7,2.3,1.0,1.0,0.8647058823529411,Medium Risk
00-0037247,George Pickens,WR,PIT,295.436814071862,High,372.30000019073486,18.0,24.5,64.0,22.0,3,WR2,,341.6616217157587,-46.22480764389678,14.7,2.3,1.0,1.0,0.8647058823529411,Medium Risk
00-0038543,Jaxon Smith-Njigba,WR,SEA,293.27573308409575,High,273.3000030517578,17.0,23.5,66.0,23.0,3,WR2,,333.93753934558794,-40.66180626149219,14.93,2.07,0.9,1.0,0.878235294117647,Medium Risk
00-0037239,Chris Olave,WR,NO,292.64301915698525,High,416.8000030517578,16.0,25.2,67.0,24.0,3,WR2,,338.4307024264455,-45.787683269460274,14.7,2.3,1.0,1.0,0.8647058823529411,Medium Risk
00-0035659,Terry McLaurin,WR,WAS,286.94453398278904,High,368.7000045776367,17.0,30.0,69.0,25.0,3,WR2,,348.1839455893943,-61.239411606605245,14.01,2.99,1.3,1.0,0.8241176470588235,High Risk
00-0031544,Amari Cooper,WR,BUF,282.2459128120007,High,404.90000915527344,16.0,31.2,71.0,26.0,3,WR2,,342.48254945067896,-60.23663663867825,14.01,2.99,1.3,1.0,0.8241176470588235,High Risk
00-0038997,Josh Downs,WR,IND,282.0529402899868,High,289.0999984741211,17.0,24.1,72.0,27.0,4,WR3,,326.18367244420244,-44.13073215421565,14.7,2.3,1.0,1.0,0.8647058823529411,Medium Risk
00-0031588,Stefon Diggs,WR,HOU,277.0385670146104,High,533.2999985218048,19.0,31.8,76.0,28.0,3,WR2,,336.1638571911761,-59.12529017656567,14.01,2.99,1.3,1.0,0.8241176470588235,High Risk
00-0033921,Chris Godwin,WR,TB,274.5131716132417,High,428.2000014781952,19.0,29.5,78.0,29.0,3,WR2,,333.0994944628915,-58.586322849649775,14.01,2.99,1.3,1.0,0.8241176470588235,High Risk
00-0035719,Deebo Samuel Sr.,WR,SF,266.1903182872141,High,457.8000030517578,18.0,29.6,85.0,30.0,4,WR3,,323.0003862157488,-56.81006792853464,14.01,2.99,1.3,1.0,0.8241176470588235,High Risk
00-0039067,Rashee Rice,WR,KC,264.81886559605107,High,492.1999999880791,20.0,25.4,86.0,31.0,4,WR3,,306.2531098729842,-41.43424427693316,14.7,2.3,1.0,1.0,0.8647058823529411,Medium Risk
00-0033908,Cooper Kupp,WR,LA,264.0027013541863,High,307.600001513958,13.0,32.2,87.0,32.0,3,WR2,,327.8817886485364,-63.87908729435014,13.688,3.312,1.6,0.9,0.8051764705882354,High Risk
00-0034837,Calvin Ridley,WR,TEN,259.37723367515497,High,398.4000060558319,17.0,30.7,90.0,33.0,4,WR3,,314.73325999126587,-55.3560263161109,14.01,2.99,1.3,1.0,0.8241176470588235,High Risk
00-0038977,Tank Dell,WR,HOU,251.812974636144,High,278.00000190734863,10.0,25.8,95.0,34.0,4,WR3,,291.21228359281963,-39.39930895667561,14.7,2.3,1.0,1.0,0.8647058823529411,Medium Risk
00-0030279,Keenan Allen,WR,CHI,250.57043117723163,High,503.86000299453735,13.0,33.3,97.0,35.0,3,WR2,,348.6982097260099,-98.12777854877828,12.216,4.784,1.6,1.3,0.7185882352941177,Very High Risk
00-0036410,Tee Higgins,WR,CIN,245.09695296928209,High,233.5999984741211,12.0,26.6,100.0,36.0,4,WR3,,283.445455814816,-38.34850284553394,14.7,2.3,1.0,1.0,0.8647058823529411,Medium Risk
00-0037816,Romeo Doubs,WR,GB,244.25982428035857,High,366.3000030517578,19.0,25.4,101.0,37.0,4,WR3,,282.4773478072174,-38.217523526858855,14.7,2.3,1.0,1.0,0.8647058823529411,Medium Risk
00-0038393,Dontayvion Wicks,WR,GB,234.0152806279906,High,224.2599984779954,17.0,24.2,108.0,38.0,4,WR3,,270.62991637250616,-36.61463574451557,14.7,2.3,1.0,1.0,0.8647058823529411,Medium Risk
00-0030564,DeAndre Hopkins,WR,KC,228.0002562705017,High,385.10000455379486,17.0,33.2,111.0,39.0,4,WR3,,308.01051784794413,-80.01026157744244,12.584,4.416,1.6,1.2,0.740235294117647,Very High Risk
00-0036261,Brandon Aiyuk,WR,SF,226.22758750006693,High,477.1000061035156,19.0,27.5,112.0,40.0,4,WR3,,261.62374064633593,-35.396153146269,14.7,2.3,1.0,1.0,0.8647058823529411,Medium Risk
00-0036407,Jerry Jeudy,WR,CLE,225.39998831617555,High,250.8000030517578,16.0,26.4,113.0,41.0,4,WR3,,260.66665315476087,-35.266664838585314,14.7,2.3,1.0,1.0,0.8647058823529411,Medium Risk
00-0030035,Adam Thielen,WR,CAR,223.3262220544408,High,440.0000015497208,17.0,35.0,114.0,42.0,4,WR3,,285.02595907849053,-61.69973702404971,13.32,3.68,1.6,1.0,0.7835294117647059,High Risk
00-0034348,Courtland Sutton,WR,DEN,217.8151120564831,High,321.7000045776367,16.0,29.9,116.0,43.0,4,WR3,,264.3009925025134,-46.48588044603031,14.01,2.99,1.3,1.0,0.8241176470588235,High Risk
00-0039337,Malik Nabers,WR,NYG,217.69949032511167,Low,,,22.1,117.0,44.0,4,WR3,,247.88287578880767,-30.183385463696,14.93,2.07,0.9,1.0,0.878235294117647,Medium Risk
00-0039901,Keon Coleman,WR,BUF,217.69949032511167,Low,,,22.3,117.0,44.0,4,WR3,,247.88287578880767,-30.183385463696,14.93,2.07,0.9,1.0,0.878235294117647,Medium Risk
00-0039868,Troy Franklin,WR,DEN,217.69949032511167,Low,,,22.6,117.0,44.0,4,WR3,,247.88287578880767,-30.183385463696,14.93,2.07,0.9,1.0,0.878235294117647,Medium Risk
00-0039890,Adonai Mitchell,WR,IND,217.69949032511167,Low,,,22.9,117.0,44.0,4,WR3,,247.88287578880767,-30.183385463696,14.93,2.07,0.9,1.0,0.878235294117647,Medium Risk
00-0039894,Xavier Worthy,WR,KC,217.69949032511167,Low,,,22.3,117.0,44.0,4,WR3,,247.88287578880767,-30.183385463696,14.93,2.07,0.9,1.0,0.878235294117647,Medium Risk
00-0039893,Brian Thomas Jr.,WR,JAX,217.69949032511167,Low,,,22.9,117.0,44.0,4,WR3,,247.88287578880767,-30.183385463696,14.93,2.07,0.9,1.0,0.878235294117647,Medium Risk
00-0038117,Wan'Dale Robinson,WR,NYG,214.3559172395239,High,260.70000076293945,15.0,24.7,124.0,50.0,4,WR3,,247.8945981681569,-33.538680928633,14.7,2.3,1.0,1.0,0.8647058823529411,Medium Risk
00-0037545,Rashid Shaheed,WR,NO,212.0007532106125,High,264.1000015735626,15.0,27.0,125.0,51.0,4,WR3,,245.17093908710285,-33.17018587649039,14.7,2.3,1.0,1.0,0.8647058823529411,Medium Risk
00-0039920,Malachi Corley,WR,NYJ,211.47950488725135,Low,,,23.4,126.0,52.0,5,Deep League,,240.8005079091275,-29.321003021876123,14.93,2.07,0.9,1.0,0.878235294117647,Medium Risk
00-0039849,Marvin Harrison Jr.,WR,ARI,211.47950488725135,Low,,,23.1,126.0,52.0,4,WR3,,240.8005079091275,-29.321003021876123,14.93,2.07,0.9,1.0,0.878235294117647,Medium Risk
00-0039853,Javon Baker,WR,NE,211.47950488725135,Low,,,23.5,126.0,52.0,5,Deep League,,240.8005079091275,-29.321003021876123,14.93,2.07,0.9,1.0,0.878235294117647,Medium Risk
00-0039415,Brenden Rice,WR,LAC,211.47950488725135,Low,,,23.5,126.0,52.0,5,Deep League,,240.8005079091275,-29.321003021876123,14.93,2.07,0.9,1.0,0.878235294117647,Medium Risk
00-0039919,Rome Odunze,WR,CHI,211.47950488725135,Low,,,23.4,126.0,52.0,5,Deep League,,240.8005079091275,-29.321003021876123,14.93,2.07,0.9,1.0,0.878235294117647,Medium Risk
00-0039589,Kameron Johnson,WR,TB,211.47950488725135,Low,,,23.5,126.0,52.0,4,WR3,,240.8005079091275,-29.321003021876123,14.93,2.07,0.9,1.0,0.878235294117647,Medium Risk
00-0032211,Tyler Lockett,WR,SEA,204.2148608695539,High,363.9000015258789,17.0,32.9,135.0,58.0,4,WR3,,275.87830854914307,-71.66344767958918,12.584,4.416,1.6,1.2,0.740235294117647,Very High Risk
00-0039708,Devron Harper,WR,MIN,204.13883888490045,Low,,,,136.0,59.0,5,Deep League,,236.078929322674,-31.940090437773563,14.7,2.3,1.0,1.0,0.8647058823529411,Medium Risk
00-0039928,Devin Carter,WR,CAR,204.13883888490045,Low,,,,136.0,59.0,5,Deep League,,236.078929322674,-31.940090437773563,14.7,2.3,1.0,1.0,0.8647058823529411,Medium Risk
00-0039605,Jaxon Janke,WR,HOU,204.13883888490045,Low,,,,136.0,59.0,5,Deep League,,236.078929322674,-31.940090437773563,14.7,2.3,1.0,1.0,0.8647058823529411,Medium Risk
00-0039579,Xavier White,WR,IND,204.13883888490045,Low,,,,136.0,59.0,5,Deep League,,236.078929322674,-31.940090437773563,14.7,2.3,1.0,1.0,0.8647058823529411,Medium Risk
00-0039785,Hamze El-Zayat,WR,NYJ,204.13883888490045,Low,,,,136.0,59.0,5,Deep League,,236.078929322674,-31.940090437773563,14.7,2.3,1.0,1.0,0.8647058823529411,Medium Risk
00-0039560,Wayne Ruby,WR,JAX,204.13883888490045,Low,,,,136.0,59.0,5,Deep League,,236.078929322674,-31.940090437773563,14.7,2.3,1.0,1.0,0.8647058823529411,Medium Risk
00-0036196,Gabe Davis,WR,JAX,202.56975591559907,High,263.39999847114086,16.0,26.5,145.0,65.0,5,Deep League,,234.26434357586288,-31.694587660263807,14.7,2.3,1.0,1.0,0.8647058823529411,Medium Risk
00-0038559,Michael Wilson,WR,ARI,196.9101804204611,High,204.5,13.0,25.5,151.0,66.0,5,Deep League,,227.71925626856049,-30.809075848099383,14.7,2.3,1.0,1.0,0.8647058823529411,Medium Risk
00-0034411,Russell Gage,WR,SF,195.3580716657664,High,315.1000061035156,13.0,29.6,153.0,67.0,5,Deep League,,237.05119331320688,-41.693121647440506,14.01,2.99,1.3,1.0,0.8241176470588235,High Risk
00-0038124,Christian Watson,WR,GB,192.79477407141795,High,174.3000007867813,11.0,26.3,156.0,68.0,5,Deep League,,222.95994280368063,-30.16516873226269,14.7,2.3,1.0,1.0,0.8647058823529411,Medium Risk
00-0039855,Jalen McMillan,WR,TB,189.13234139655057,Low,,,23.7,159.0,69.0,5,Deep League,,215.35497680786068,-26.222635411310108,14.93,2.07,0.9,1.0,0.878235294117647,Medium Risk
00-0039683,Marcus Rosemy-Jacksaint,WR,PHI,189.13234139655057,Low,,,23.6,159.0,69.0,5,Deep League,,215.35497680786068,-26.222635411310108,14.93,2.07,0.9,1.0,0.878235294117647,Medium Risk
00-0039915,Ladd McConkey,WR,LAC,188.1662326736503,Low,,,23.8,161.0,71.0,5,Deep League,,214.2549199900908,-26.088687316440485,14.93,2.07,0.9,1.0,0.878235294117647,Medium Risk
00-0039636,Tre Mosley,WR,CIN,188.1662326736503,Low,,,23.9,161.0,71.0,5,Deep League,,214.2549199900908,-26.088687316440485,14.93,2.07,0.9,1.0,0.878235294117647,Medium Risk
00-0039491,Jalen Coker,WR,CAR,188.1662326736503,Low,,,23.8,161.0,71.0,5,Deep League,,214.2549199900908,-26.088687316440485,14.93,2.07,0.9,1.0,0.878235294117647,Medium Risk
00-0037261,Khalil Shakir,WR,BUF,187.9570643273815,High,249.5999984741211,18.0,25.6,164.0,74.0,5,Deep League,,217.365312487448,-29.408248160066503,14.7,2.3,1.0,1.0,0.8647058823529411,Medium Risk
00-0039869,David Wallis,WR,NE,187.43390474681976,Low,,,24.1,165.0,75.0,5,Deep League,,216.76029800652628,-29.32639325970652,14.7,2.3,1.0,1.0,0.8647058823529411,Medium Risk
00-0038621,Demario Douglas,WR,NE,186.0724142364205,High,214.70000219345093,14.0,24.7,167.0,76.0,5,Deep League,,215.18578517137072,-29.113370934950183,14.7,2.3,1.0,1.0,0.8647058823529411,Medium Risk
00-0036988,Josh Palmer,WR,LAC,185.71466802427537,High,188.20000231266025,10.0,25.9,168.0,77.0,5,Deep League,,214.7720650620872,-29.057397037811825,14.7,2.3,1.0,1.0,0.8647058823529411,Medium Risk
00-0035216,Diontae Johnson,WR,HOU,183.4818175421284,High,290.3000030517578,14.0,29.2,169.0,78.0,5,Deep League,,222.6403210718189,-39.158503529690506,14.01,2.99,1.3,1.0,0.8241176470588235,High Risk
00-0039739,Roman Wilson,WR,PIT,183.1940238970013,Low,,,24.2,170.0,79.0,5,Deep League,,211.857034438709,-28.663010541707703,14.7,2.3,1.0,1.0,0.8647058823529411,Medium Risk
00-0039665,Leon Johnson,WR,LAC,183.1940238970013,Low,,,24.2,170.0,79.0,5,Deep League,,211.857034438709,-28.663010541707703,14.7,2.3,1.0,1.0,0.8647058823529411,Medium Risk
00-0039336,Jaaron Hayek,WR,KC,183.1940238970013,Low,,,24.2,170.0,79.0,5,Deep League,,211.857034438709,-28.663010541707703,14.7,2.3,1.0,1.0,0.8647058823529411,Medium Risk
00-0039810,Jermaine Burton,WR,CIN,183.1940238970013,Low,,,24.2,170.0,79.0,5,Deep League,,211.857034438709,-28.663010541707703,14.7,2.3,1.0,1.0,0.8647058823529411,Medium Risk
00-0039792,Devontez Walker,WR,BAL,183.1940238970013,Low,,,24.2,170.0,79.0,5,Deep League,,211.857034438709,-28.663010541707703,14.7,2.3,1.0,1.0,0.8647058823529411,Medium Risk
00-0038507,Grant DuBose,WR,MIA,183.1940238970013,Low,,,24.2,170.0,79.0,5,Deep League,,211.857034438709,-28.663010541707703,14.7,2.3,1.0,1.0,0.8647058823529411,Medium Risk
00-0035535,Darius Slayton,WR,NYG,181.51507226504447,High,255.0,17.0,28.6,178.0,85.0,5,Deep League,,209.9153896942692,-28.400317429224685,14.7,2.3,1.0,1.0,0.8647058823529411,Medium Risk
00-0031236,Brandin Cooks,WR,DAL,180.03674894108067,High,318.5000014305115,17.0,31.9,180.0,86.0,5,Deep League,,218.4600094217253,-38.423260480644615,14.01,2.99,1.3,1.0,0.8241176470588235,High Risk
00-0036980,Elijah Moore,WR,CLE,178.23627961637766,High,266.2999968528748,17.0,25.4,181.0,87.0,5,Deep League,,206.1235886720014,-27.887309055623746,14.7,2.3,1.0,1.0,0.8647058823529411,Medium Risk
00-0037240,Jameson Williams,WR,DET,178.20584359451007,High,178.39999961853027,15.0,24.4,182.0,88.0,5,Deep League,,206.08839055147425,-27.882546956964177,14.7,2.3,1.0,1.0,0.8647058823529411,Medium Risk
00-0036309,Darnell Mooney,WR,ATL,175.5898502098927,High,152.4000015258789,14.0,27.8,183.0,89.0,5,Deep League,,203.06309207946776,-27.47324186957508,14.7,2.3,1.0,1.0,0.8647058823529411,Medium Risk
00-0034775,Christian Kirk,WR,JAX,174.33637173521066,High,274.26000460237265,12.0,28.8,185.0,90.0,5,Deep League,,201.61349112235249,-27.277119387141823,14.7,2.3,1.0,1.0,0.8647058823529411,Medium Risk
00-0039386,Bub Means,WR,NO,173.98904278445488,Low,,,24.6,186.0,91.0,5,Deep League,,201.2118181861043,-27.22277540164941,14.7,2.3,1.0,1.0,0.8647058823529411,Medium Risk
00-0039709,Ty James,WR,MIN,173.98904278445488,Low,,,24.4,186.0,91.0,5,Deep League,,201.2118181861043,-27.22277540164941,14.7,2.3,1.0,1.0,0.8647058823529411,Medium Risk
00-0039553,Brevin Easton,WR,JAX,173.98904278445488,Low,,,24.7,186.0,91.0,5,Deep League,,201.2118181861043,-27.22277540164941,14.7,2.3,1.0,1.0,0.8647058823529411,Medium Risk
00-0039342,Xavier Legette,WR,CAR,173.98904278445488,Low,,,24.6,186.0,91.0,5,Deep League,,201.2118181861043,-27.22277540164941,14.7,2.3,1.0,1.0,0.8647058823529411,Medium Risk
00-0039504,Ayir Asante,WR,NYG,173.98904278445488,Low,,,24.5,186.0,91.0,5,Deep League,,201.2118181861043,-27.22277540164941,14.7,2.3,1.0,1.0,0.8647058823529411,Medium Risk
00-0039462,Peter LeBlanc,WR,CHI,173.98904278445488,Low,,,24.4,186.0,91.0,5,Deep League,,201.2118181861043,-27.22277540164941,14.7,2.3,1.0,1.0,0.8647058823529411,Medium Risk
00-0039511,Ahmarean Brown,WR,BUF,173.98904278445488,Low,,,24.7,186.0,91.0,5,Deep League,,201.2118181861043,-27.22277540164941,14.7,2.3,1.0,1.0,0.8647058823529411,Medium Risk
00-0039848,OJ Hiliare,WR,ATL,173.98904278445488,Low,,,24.6,186.0,91.0,5,Deep League,,201.2118181861043,-27.22277540164941,14.7,2.3,1.0,1.0,0.8647058823529411,Medium Risk
00-0039451,Isaiah Williams,WR,CIN,173.98904278445488,Low,,,24.6,186.0,91.0,5,Deep League,,201.2118181861043,-27.22277540164941,14.7,2.3,1.0,1.0,0.8647058823529411,Medium Risk
00-0039437,Cornelius Johnson,WR,GB,173.98904278445488,Low,,,24.8,186.0,91.0,5,Deep League,,201.2118181861043,-27.22277540164941,14.7,2.3,1.0,1.0,0.8647058823529411,Medium Risk
00-0039522,Corey Crooms,WR,DAL,173.98904278445488,Low,,,24.4,186.0,91.0,5,Deep League,,201.2118181861043,-27.22277540164941,14.7,2.3,1.0,1.0,0.8647058823529411,Medium Risk
00-0039747,Ainias Smith,WR,PHI,173.98904278445488,Low,,,24.3,186.0,91.0,5,Deep League,,201.2118181861043,-27.22277540164941,14.7,2.3,1.0,1.0,0.8647058823529411,Medium Risk
00-0039884,Tahj Washington,WR,MIA,173.98904278445488,Low,,,24.3,186.0,91.0,5,Deep League,,201.2118181861043,-27.22277540164941,14.7,2.3,1.0,1.0,0.8647058823529411,Medium Risk
00-0039394,Casey Washington,WR,ATL,173.98904278445488,Low,,,24.5,186.0,91.0,5,Deep League,,201.2118181861043,-27.22277540164941,14.7,2.3,1.0,1.0,0.8647058823529411,Medium Risk
00-0039816,Anthony Gould,WR,IND,173.98904278445488,Low,,,24.4,186.0,91.0,5,Deep League,,201.2118181861043,-27.22277540164941,14.7,2.3,1.0,1.0,0.8647058823529411,Medium Risk
00-0038484,Joseph Ngata,WR,PHI,173.98904278445488,Low,,,24.6,186.0,91.0,5,Deep League,,201.2118181861043,-27.22277540164941,14.7,2.3,1.0,1.0,0.8647058823529411,Medium Risk
00-0039379,Jamari Thrash,WR,CLE,173.98904278445488,Low,,,24.7,186.0,91.0,5,Deep League,,201.2118181861043,-27.22277540164941,14.7,2.3,1.0,1.0,0.8647058823529411,Medium Risk
00-0039541,Lideatrick Griffin,WR,CLE,173.98904278445488,Low,,,24.6,186.0,91.0,5,Deep League,,201.2118181861043,-27.22277540164941,14.7,2.3,1.0,1.0,0.8647058823529411,Medium Risk
00-0039907,Ja'Lynn Polk,WR,NE,173.98904278445488,Low,,,24.4,186.0,91.0,5,Deep League,,201.2118181861043,-27.22277540164941,14.7,2.3,1.0,1.0,0.8647058823529411,Medium Risk
00-0039781,JJ Laap,WR,LA,173.98904278445488,Low,,,24.6,186.0,91.0,5,Deep League,,201.2118181861043,-27.22277540164941,14.7,2.3,1.0,1.0,0.8647058823529411,Medium Risk
00-0039456,John Rhys Plumlee,WR,SEA,173.98904278445488,Low,,,24.7,186.0,91.0,5,Deep League,,201.2118181861043,-27.22277540164941,14.7,2.3,1.0,1.0,0.8647058823529411,Medium Risk
00-0039891,Derek Slywka,WR,IND,173.98904278445488,Low,,,24.6,186.0,91.0,5,Deep League,,201.2118181861043,-27.22277540164941,14.7,2.3,1.0,1.0,0.8647058823529411,Medium Risk
00-0039355,Luke McCaffrey,WR,WAS,173.98904278445488,Low,,,24.4,186.0,91.0,5,Deep League,,201.2118181861043,-27.22277540164941,14.7,2.3,1.0,1.0,0.8647058823529411,Medium Risk
00-0039439,Jalon Calhoun,WR,DET,173.98904278445488,Low,,,24.7,186.0,91.0,5,Deep League,,201.2118181861043,-27.22277540164941,14.7,2.3,1.0,1.0,0.8647058823529411,Medium Risk
00-0039552,Joshua Cephus,WR,JAX,173.98904278445488,Low,,,24.5,186.0,91.0,5,Deep League,,201.2118181861043,-27.22277540164941,14.7,2.3,1.0,1.0,0.8647058823529411,Medium Risk
00-0039261,Isaiah Washington,WR,BAL,173.98904278445488,Low,,,24.3,186.0,91.0,5,Deep League,,201.2118181861043,-27.22277540164941,14.7,2.3,1.0,1.0,0.8647058823529411,Medium Risk
00-0039236,Johnny Wilson,WR,PHI,173.98904278445488,Low,,,24.4,186.0,91.0,5,Deep League,,201.2118181861043,-27.22277540164941,14.7,2.3,1.0,1.0,0.8647058823529411,Medium Risk
00-0038740,Jalen Moreno-Cropper,WR,DAL,173.98904278445488,Low,,,24.3,186.0,91.0,5,Deep League,,201.2118181861043,-27.22277540164941,14.7,2.3,1.0,1.0,0.8647058823529411,Medium Risk
00-0039365,Jacob Cowing,WR,SF,173.98904278445488,Low,,,24.6,186.0,91.0,5,Deep League,,201.2118181861043,-27.22277540164941,14.7,2.3,1.0,1.0,0.8647058823529411,Medium Risk
00-0036345,K.J. Osborn,WR,WAS,173.0665666107572,High,226.0000038146973,15.0,28.2,215.0,120.0,5,Deep League,,200.1450090056376,-27.0784423948804,14.7,2.3,1.0,1.0,0.8647058823529411,Medium Risk
00-0036233,Donovan Peoples-Jones,WR,DET,172.67376845348778,High,288.10000152885914,17.0,26.5,217.0,121.0,5,Deep League,,199.6907526332852,-27.01698417979742,14.7,2.3,1.0,1.0,0.8647058823529411,Medium Risk
00-0037664,Alec Pierce,WR,IND,172.13459495835946,High,167.4000015258789,17.0,25.3,218.0,122.0,5,Deep League,,199.06721865932727,-26.93262370096781,14.7,2.3,1.0,1.0,0.8647058823529411,Medium Risk
00-0036657,Seth Williams,WR,DAL,170.79094857877257,Low,,,25.4,221.0,123.0,5,Deep League,,197.51334189381865,-26.72239331504608,14.7,2.3,1.0,1.0,0.8647058823529411,Medium Risk
00-0039880,Malik Washington,WR,MIA,170.53664766816982,Low,,,24.9,222.0,124.0,5,Deep League,,197.2192524053665,-26.68260473719667,14.7,2.3,1.0,1.0,0.8647058823529411,Medium Risk
00-0039621,Kyle Sheets,WR,KC,170.53664766816982,Low,,,24.9,222.0,124.0,5,Deep League,,197.2192524053665,-26.68260473719667,14.7,2.3,1.0,1.0,0.8647058823529411,Medium Risk
00-0039751,Jordan Whittington,WR,LA,170.53664766816982,Low,,,24.9,222.0,124.0,5,Deep League,,197.2192524053665,-26.68260473719667,14.7,2.3,1.0,1.0,0.8647058823529411,Medium Risk
00-0039543,Ramel Keyton,WR,LV,170.53664766816982,Low,,,25.0,222.0,124.0,5,Deep League,,197.2192524053665,-26.68260473719667,14.7,2.3,1.0,1.0,0.8647058823529411,Medium Risk
00-0039916,Ricky Pearsall,WR,SF,170.53664766816982,Low,,,25.0,222.0,124.0,5,Deep League,,197.2192524053665,-26.68260473719667,14.7,2.3,1.0,1.0,0.8647058823529411,Medium Risk
00-0038806,Malik Knowles,WR,GB,170.53664766816982,Low,,,25.0,222.0,124.0,5,Deep League,,197.2192524053665,-26.68260473719667,14.7,2.3,1.0,1.0,0.8647058823529411,Medium Risk
00-0039623,Mason Tipton,WR,NO,170.53664766816982,Low,,,24.9,222.0,124.0,5,Deep League,,197.2192524053665,-26.68260473719667,14.7,2.3,1.0,1.0,0.8647058823529411,Medium Risk
00-0039259,Dayton Wade,WR,BAL,170.53664766816982,Low,,,25.0,222.0,124.0,5,Deep League,,197.2192524053665,-26.68260473719667,14.7,2.3,1.0,1.0,0.8647058823529411,Medium Risk
00-0038728,Jared Wayne,WR,HOU,170.53664766816982,Low,,,24.9,222.0,124.0,5,Deep League,,197.2192524053665,-26.68260473719667,14.7,2.3,1.0,1.0,0.8647058823529411,Medium Risk
00-0038954,Izaiah Gathings,WR,PIT,170.53664766816982,Low,,,25.0,222.0,124.0,5,Deep League,,197.2192524053665,-26.68260473719667,14.7,2.3,1.0,1.0,0.8647058823529411,Medium Risk
00-0039521,Xavier Weaver,WR,ARI,170.53664766816982,Low,,,24.9,222.0,124.0,5,Deep League,,197.2192524053665,-26.68260473719667,14.7,2.3,1.0,1.0,0.8647058823529411,Medium Risk
00-0039255,Tayvion Robinson,WR,CAR,170.53664766816982,Low,,,24.9,222.0,124.0,5,Deep League,,197.2192524053665,-26.68260473719667,14.7,2.3,1.0,1.0,0.8647058823529411,Medium Risk
00-0039479,Je'Quan Burton,WR,MIA,170.27554993429345,Low,,,25.5,234.0,136.0,5,Deep League,,196.9173026451013,-26.64175271080785,14.7,2.3,1.0,1.0,0.8647058823529411,Medium Risk
00-0039664,Jaylen Johnson,WR,LAC,170.27554993429345,Low,,,25.3,234.0,136.0,5,Deep League,,196.9173026451013,-26.64175271080785,14.7,2.3,1.0,1.0,0.8647058823529411,Medium Risk
00-0038824,Ryan Miller,WR,TB,170.27554993429345,Low,,,25.5,234.0,136.0,5,Deep League,,196.9173026451013,-26.64175271080785,14.7,2.3,1.0,1.0,0.8647058823529411,Medium Risk
00-0039329,Julian Hicks,WR,GB,170.27554993429345,Low,,,25.9,234.0,136.0,5,Deep League,,196.9173026451013,-26.64175271080785,14.7,2.3,1.0,1.0,0.8647058823529411,Medium Risk
00-0039701,Terique Owens,WR,SF,170.27554993429345,Low,,,25.9,234.0,136.0,5,Deep League,,196.9173026451013,-26.64175271080785,14.7,2.3,1.0,1.0,0.8647058823529411,Medium Risk
00-0038844,Tre'Shaun Harrison,WR,TEN,170.27554993429345,Low,,,25.2,234.0,136.0,5,Deep League,,196.9173026451013,-26.64175271080785,14.7,2.3,1.0,1.0,0.8647058823529411,Medium Risk
00-0038477,Bryce Ford-Wheaton,WR,NYG,170.27554993429345,Low,,,25.5,234.0,136.0,5,Deep League,,196.9173026451013,-26.64175271080785,14.7,2.3,1.0,1.0,0.8647058823529411,Medium Risk
00-0039410,Ryan Flournoy,WR,DAL,170.27554993429345,Low,,,25.8,234.0,136.0,5,Deep League,,196.9173026451013,-26.64175271080785,14.7,2.3,1.0,1.0,0.8647058823529411,Medium Risk
00-0038891,Shedrick Jackson,WR,LV,170.27554993429345,Low,,,25.9,234.0,136.0,5,Deep League,,196.9173026451013,-26.64175271080785,14.7,2.3,1.0,1.0,0.8647058823529411,Medium Risk
00-0039710,Jeshaun Jones,WR,MIN,170.27554993429345,Low,,,25.7,234.0,136.0,5,Deep League,,196.9173026451013,-26.64175271080785,14.7,2.3,1.0,1.0,0.8647058823529411,Medium Risk
00-0039474,Lawrence Keys,WR,BUF,170.27554993429345,Low,,,25.7,234.0,136.0,5,Deep League,,196.9173026451013,-26.64175271080785,14.7,2.3,1.0,1.0,0.8647058823529411,Medium Risk
00-0038147,Daylen Baldwin,WR,ARI,170.27554993429345,Low,,,25.8,234.0,136.0,5,Deep League,,196.9173026451013,-26.64175271080785,14.7,2.3,1.0,1.0,0.8647058823529411,Medium Risk
00-0038627,Antoine Green,WR,DET,170.27554993429345,Low,,,25.8,234.0,136.0,5,Deep League,,196.9173026451013,-26.64175271080785,14.7,2.3,1.0,1.0,0.8647058823529411,Medium Risk
00-0039298,Hayden Hatten,WR,SEA,170.27554993429345,Low,,,25.1,234.0,136.0,5,Deep League,,196.9173026451013,-26.64175271080785,14.7,2.3,1.0,1.0,0.8647058823529411,Medium Risk
00-0038953,Dylan Drummond,WR,ATL,170.27554993429345,Low,,,25.6,234.0,136.0,5,Deep League,,196.9173026451013,-26.64175271080785,14.7,2.3,1.0,1.0,0.8647058823529411,Medium Risk
00-0038805,Cephus Johnson III,WR,TB,170.27554993429345,Low,,,25.9,234.0,136.0,5,Deep League,,196.9173026451013,-26.64175271080785,14.7,2.3,1.0,1.0,0.8647058823529411,Medium Risk
00-0039626,Cole Burgess,WR,CIN,170.27554993429345,Low,,,25.6,234.0,136.0,5,Deep League,,196.9173026451013,-26.64175271080785,14.7,2.3,1.0,1.0,0.8647058823529411,Medium Risk
00-0039650,Bryce Oliver,WR,TEN,170.27554993429345,Low,,,25.3,234.0,136.0,5,Deep League,,196.9173026451013,-26.64175271080785,14.7,2.3,1.0,1.0,0.8647058823529411,Medium Risk
00-0038612,A.T. Perry,WR,DEN,170.27554993429345,Low,,,25.9,234.0,136.0,5,Deep League,,196.9173026451013,-26.64175271080785,14.7,2.3,1.0,1.0,0.8647058823529411,Medium Risk
00-0038472,Duece Watts,WR,PIT,170.27554993429345,Low,,,25.7,234.0,136.0,5,Deep League,,196.9173026451013,-26.64175271080785,14.7,2.3,1.0,1.0,0.8647058823529411,Medium Risk
00-0039306,Dee Williams,WR,NYG,170.27554993429345,Low,,,25.7,234.0,136.0,5,Deep League,,196.9173026451013,-26.64175271080785,14.7,2.3,1.0,1.0,0.8647058823529411,Medium Risk
00-0039330,Dimitri Stanley,WR,GB,170.27554993429345,Low,,,25.9,234.0,136.0,5,Deep League,,196.9173026451013,-26.64175271080785,14.7,2.3,1.0,1.0,0.8647058823529411,Medium Risk
00-0038840,Brycen Tremayne,WR,WAS,170.27554993429345,Low,,,25.8,234.0,136.0,5,Deep League,,196.9173026451013,-26.64175271080785,14.7,2.3,1.0,1.0,0.8647058823529411,Medium Risk
00-0039562,David White Jr.,WR,JAX,170.27554993429345,Low,,,25.1,234.0,136.0,5,Deep League,,196.9173026451013,-26.64175271080785,14.7,2.3,1.0,1.0,0.8647058823529411,Medium Risk
00-0039397,Tejhaun Palmer,WR,ARI,170.27554993429345,Low,,,25.3,234.0,136.0,5,Deep League,,196.9173026451013,-26.64175271080785,14.7,2.3,1.0,1.0,0.8647058823529411,Medium Risk
00-0038651,Chase Cota,WR,NYG,170.27554993429345,Low,,,25.8,234.0,136.0,5,Deep League,,196.9173026451013,-26.64175271080785,14.7,2.3,1.0,1.0,0.8647058823529411,Medium Risk
00-0039500,Sam Pinckney,WR,CAR,170.27554993429345,Low,,,25.9,234.0,136.0,5,Deep League,,196.9173026451013,-26.64175271080785,14.7,2.3,1.0,1.0,0.8647058823529411,Medium Risk
00-0038902,Shaquan Davis,WR,PIT,170.27554993429345,Low,,,25.6,234.0,136.0,5,Deep League,,196.9173026451013,-26.64175271080785,14.7,2.3,1.0,1.0,0.8647058823529411,Medium Risk
00-0039592,Tanner Knue,WR,TB,170.27554993429345,Low,,,25.8,234.0,136.0,5,Deep League,,196.9173026451013,-26.64175271080785,14.7,2.3,1.0,1.0,0.8647058823529411,Medium Risk
00-0038839,Mitchell Tinsley,WR,WAS,170.27554993429345,Low,,,26.0,234.0,136.0,5,Deep League,,196.9173026451013,-26.64175271080785,14.7,2.3,1.0,1.0,0.8647058823529411,Medium Risk
00-0039314,Phillip Brooks,WR,KC,170.27554993429345,Low,,,26.0,234.0,136.0,5,Deep League,,196.9173026451013,-26.64175271080785,14.7,2.3,1.0,1.0,0.8647058823529411,Medium Risk
00-0039722,JaQuae Jackson,WR,NE,170.27554993429345,Low,,,25.6,234.0,136.0,5,Deep League,,196.9173026451013,-26.64175271080785,14.7,2.3,1.0,1.0,0.8647058823529411,Medium Risk
00-0039536,Jeff Foreman,WR,LV,170.27554993429345,Low,,,25.7,234.0,136.0,5,Deep League,,196.9173026451013,-26.64175271080785,14.7,2.3,1.0,1.0,0.8647058823529411,Medium Risk
00-0038969,Kearis Jackson,WR,NYG,170.27554993429345,Low,,,25.7,234.0,136.0,5,Deep League,,196.9173026451013,-26.64175271080785,14.7,2.3,1.0,1.0,0.8647058823529411,Medium Risk
00-0039914,Praise Olatoke,WR,CAR,170.27554993429345,Low,,,25.2,234.0,136.0,5,Deep League,,196.9173026451013,-26.64175271080785,14.7,2.3,1.0,1.0,0.8647058823529411,Medium Risk
00-0039843,Qadir Ismail,WR,BAL,170.27554993429345,Low,,,25.5,234.0,136.0,5,Deep League,,196.9173026451013,-26.64175271080785,14.7,2.3,1.0,1.0,0.8647058823529411,Medium Risk
00-0039604,Jadon Janke,WR,MIA,170.27554993429345,Low,,,25.8,234.0,136.0,5,Deep League,,196.9173026451013,-26.64175271080785,14.7,2.3,1.0,1.0,0.8647058823529411,Medium Risk
00-0039659,Jaelen Gill,WR,CLE,170.27554993429345,Low,,,25.8,234.0,136.0,5,Deep League,,196.9173026451013,-26.64175271080785,14.7,2.3,1.0,1.0,0.8647058823529411,Medium Risk
00-0037231,Kevin Austin Jr.,WR,NO,170.27554993429345,Low,,,25.4,234.0,136.0,5,Deep League,,196.9173026451013,-26.64175271080785,14.7,2.3,1.0,1.0,0.8647058823529411,Medium Risk
00-0037172,Kyric McGowan,WR,MIA,170.27554993429345,Low,,,25.8,234.0,136.0,5,Deep League,,196.9173026451013,-26.64175271080785,14.7,2.3,1.0,1.0,0.8647058823529411,Medium Risk
00-0038679,Tyrell Shavers,WR,BUF,170.27554993429345,Low,,,26.0,234.0,136.0,5,Deep League,,196.9173026451013,-26.64175271080785,14.7,2.3,1.0,1.0,0.8647058823529411,Medium Risk
00-0039730,Isaiah Wooden,WR,LAC,170.27554993429345,Low,,,25.6,234.0,136.0,5,Deep League,,196.9173026451013,-26.64175271080785,14.7,2.3,1.0,1.0,0.8647058823529411,Medium Risk
00-0039614,Jermaine Jackson,WR,NO,170.27554993429345,Low,,,25.2,234.0,136.0,5,Deep League,,196.9173026451013,-26.64175271080785,14.7,2.3,1.0,1.0,0.8647058823529411,Medium Risk
00-0038502,T.J. Luther,WR,CAR,170.27554993429345,Low,,,25.3,234.0,136.0,5,Deep League,,196.9173026451013,-26.64175271080785,14.7,2.3,1.0,1.0,0.8647058823529411,Medium Risk
00-0039392,Jha'Quan Jackson,WR,TEN,170.27554993429345,Low,,,25.3,234.0,136.0,5,Deep League,,196.9173026451013,-26.64175271080785,14.7,2.3,1.0,1.0,0.8647058823529411,Medium Risk
00-0039561,Joseph Scates,WR,JAX,170.27554993429345,Low,,,25.5,234.0,136.0,5,Deep League,,196.9173026451013,-26.64175271080785,14.7,2.3,1.0,1.0,0.8647058823529411,Medium Risk
00-0039505,John Jiles,WR,NE,170.27554993429345,Low,,,25.1,234.0,136.0,5,Deep League,,196.9173026451013,-26.64175271080785,14.7,2.3,1.0,1.0,0.8647058823529411,Medium Risk
00-0038671,Jaray Jenkins,WR,PIT,170.27554993429345,Low,,,25.7,234.0,136.0,5,Deep League,,196.9173026451013,-26.64175271080785,14.7,2.3,1.0,1.0,0.8647058823529411,Medium Risk
00-0039278,Tyler Harrell,WR,NYJ,170.27554993429345,Low,,,25.1,234.0,136.0,5,Deep League,,196.9173026451013,-26.64175271080785,14.7,2.3,1.0,1.0,0.8647058823529411,Medium Risk
00-0038519,Nikko Remigio,WR,KC,170.27554993429345,Low,,,25.8,234.0,136.0,5,Deep League,,196.9173026451013,-26.64175271080785,14.7,2.3,1.0,1.0,0.8647058823529411,Medium Risk
00-0039760,John Jackson,WR,CHI,170.27554993429345,Low,,,26.0,234.0,136.0,5,Deep League,,196.9173026451013,-26.64175271080785,14.7,2.3,1.0,1.0,0.8647058823529411,Medium Risk
00-0035101,Davion Davis,WR,WAS,169.3123592392913,Low,,,28.9,286.0,187.0,5,Deep League,,195.8034086440784,-26.49104940478708,14.7,2.3,1.0,1.0,0.8647058823529411,Medium Risk
00-0033307,Kendrick Bourne,WR,NE,168.50393104335487,High,186.0000022947788,8.0,30.1,289.0,188.0,5,Deep League,,204.46586921748985,-35.961938174134986,14.01,2.99,1.3,1.0,0.8241176470588235,High Risk
00-0036775,Brandon Smith,WR,NYJ,168.0238152671773,Low,,,26.7,290.0,189.0,5,Deep League,,194.31325575115744,-26.289440483980144,14.7,2.3,1.0,1.0,0.8647058823529411,Medium Risk
00-0035297,Kelvin Harmon,WR,DAL,167.83003168670945,Low,,,28.7,291.0,190.0,5,Deep League,,194.08915229075245,-26.259120604043005,14.7,2.3,1.0,1.0,0.8647058823529411,Medium Risk
00-0035701,Marcus Simms,WR,SEA,167.83003168670945,Low,,,27.7,291.0,190.0,5,Deep League,,194.08915229075245,-26.259120604043005,14.7,2.3,1.0,1.0,0.8647058823529411,Medium Risk
00-0038734,David Durden,WR,DAL,167.5185224784723,Low,,,26.7,293.0,192.0,5,Deep League,,193.72890354653265,-26.210381068060315,14.7,2.3,1.0,1.0,0.8647058823529411,Medium Risk
00-0035869,Austin Mack,WR,ATL,167.21874420249694,Low,,,28.0,294.0,193.0,5,Deep League,,193.3822211865611,-26.16347698406417,14.7,2.3,1.0,1.0,0.8647058823529411,Medium Risk
00-0036471,Mathew Sexton,WR,MIA,167.21874420249694,Low,,,27.9,294.0,193.0,5,Deep League,,193.3822211865611,-26.16347698406417,14.7,2.3,1.0,1.0,0.8647058823529411,Medium Risk
00-0036080,Easop Winston,WR,NYJ,167.21874420249694,Low,,,28.7,294.0,193.0,5,Deep League,,193.3822211865611,-26.16347698406417,14.7,2.3,1.0,1.0,0.8647058823529411,Medium Risk
00-0036918,Jacob Harris,WR,PHI,167.21874420249694,Low,,,28.4,294.0,193.0,5,Deep League,,193.3822211865611,-26.16347698406417,14.7,2.3,1.0,1.0,0.8647058823529411,Medium Risk
00-0035876,Andre Baccellia,WR,ARI,167.21874420249694,Low,,,28.6,294.0,193.0,5,Deep League,,193.3822211865611,-26.16347698406417,14.7,2.3,1.0,1.0,0.8647058823529411,Medium Risk
00-0036647,Cornell Powell,WR,SEA,167.21874420249694,Low,,,27.8,294.0,193.0,5,Deep League,,193.3822211865611,-26.16347698406417,14.7,2.3,1.0,1.0,0.8647058823529411,Medium Risk
00-0036491,Tarik Black,WR,MIA,167.21874420249694,Low,,,27.6,294.0,193.0,5,Deep League,,193.3822211865611,-26.16347698406417,14.7,2.3,1.0,1.0,0.8647058823529411,Medium Risk
00-0036939,Kawaan Baker,WR,NE,167.21874420249694,Low,,,27.0,294.0,193.0,5,Deep League,,193.3822211865611,-26.16347698406417,14.7,2.3,1.0,1.0,0.8647058823529411,Medium Risk
00-0036676,Austin Watkins Jr.,WR,PHI,167.21874420249694,Low,,,27.5,294.0,193.0,5,Deep League,,193.3822211865611,-26.16347698406417,14.7,2.3,1.0,1.0,0.8647058823529411,Medium Risk
00-0036858,Jalen Camp,WR,CLE,167.21874420249694,Low,,,27.1,294.0,193.0,5,Deep League,,193.3822211865611,-26.16347698406417,14.7,2.3,1.0,1.0,0.8647058823529411,Medium Risk
00-0036627,Dez Fitzpatrick,WR,LAC,167.21874420249694,Low,,,27.7,294.0,193.0,5,Deep League,,193.3822211865611,-26.16347698406417,14.7,2.3,1.0,1.0,0.8647058823529411,Medium Risk
00-0038181,Lucky Jackson,WR,MIN,167.21874420249694,Low,,,28.1,294.0,193.0,5,Deep League,,193.3822211865611,-26.16347698406417,14.7,2.3,1.0,1.0,0.8647058823529411,Medium Risk
00-0037708,Maurice Alexander,WR,DET,167.21874420249694,Low,,,28.6,294.0,193.0,5,Deep League,,193.3822211865611,-26.16347698406417,14.7,2.3,1.0,1.0,0.8647058823529411,Medium Risk
00-0036959,Michael Bandy,WR,DEN,167.21874420249694,Low,,,27.7,294.0,193.0,5,Deep League,,193.3822211865611,-26.16347698406417,14.7,2.3,1.0,1.0,0.8647058823529411,Medium Risk
00-0035934,Trishton Jackson,WR,MIN,167.21874420249694,Low,,,27.5,294.0,193.0,5,Deep League,,193.3822211865611,-26.16347698406417,14.7,2.3,1.0,1.0,0.8647058823529411,Medium Risk
00-0036463,Chris Blair,WR,ATL,167.21874420249694,Low,,,27.9,294.0,193.0,5,Deep League,,193.3822211865611,-26.16347698406417,14.7,2.3,1.0,1.0,0.8647058823529411,Medium Risk
00-0035976,Dan Chisena,WR,CAR,167.21874420249694,Low,,,28.5,294.0,193.0,5,Deep League,,193.3822211865611,-26.16347698406417,14.7,2.3,1.0,1.0,0.8647058823529411,Medium Risk
00-0038883,Isaiah Winstead,WR,NYJ,166.93681366107202,Low,,,26.1,311.0,210.0,5,Deep League,,193.0561790638248,-26.119365402752777,14.7,2.3,1.0,1.0,0.8647058823529411,Medium Risk
00-0039525,Cam Johnson,WR,CAR,166.93681366107202,Low,,,26.4,311.0,210.0,5,Deep League,,193.0561790638248,-26.119365402752777,14.7,2.3,1.0,1.0,0.8647058823529411,Medium Risk
00-0038149,Josh Ali,WR,ATL,166.93681366107202,Low,,,26.5,311.0,210.0,5,Deep League,,193.0561790638248,-26.119365402752777,14.7,2.3,1.0,1.0,0.8647058823529411,Medium Risk
00-0039286,Marcus Riley,WR,NYJ,166.93681366107202,Low,,,26.3,311.0,210.0,5,Deep League,,193.0561790638248,-26.119365402752777,14.7,2.3,1.0,1.0,0.8647058823529411,Medium Risk
00-0038520,Ty Scott,WR,SEA,166.93681366107202,Low,,,26.4,311.0,210.0,5,Deep League,,193.0561790638248,-26.119365402752777,14.7,2.3,1.0,1.0,0.8647058823529411,Medium Risk
00-0039773,Drake Stoops,WR,LA,166.93681366107202,Low,,,26.2,311.0,210.0,5,Deep League,,193.0561790638248,-26.119365402752777,14.7,2.3,1.0,1.0,0.8647058823529411,Medium Risk
00-0038632,Colton Dowell,WR,TEN,166.93681366107202,Low,,,26.4,311.0,210.0,5,Deep League,,193.0561790638248,-26.119365402752777,14.7,2.3,1.0,1.0,0.8647058823529411,Medium Risk
00-0038760,Griffin Hebert,WR,PHI,166.93681366107202,Low,,,26.4,311.0,210.0,5,Deep League,,193.0561790638248,-26.119365402752777,14.7,2.3,1.0,1.0,0.8647058823529411,Medium Risk
00-0038680,Bryan Thompson,WR,BUF,166.93681366107202,Low,,,26.4,311.0,210.0,5,Deep League,,193.0561790638248,-26.119365402752777,14.7,2.3,1.0,1.0,0.8647058823529411,Medium Risk
00-0037272,Montrell Washington,WR,KC,166.93681366107202,Low,,,26.5,311.0,210.0,5,Deep League,,193.0561790638248,-26.119365402752777,14.7,2.3,1.0,1.0,0.8647058823529411,Medium Risk
00-0039771,Sam Wiglusz,WR,LA,166.93681366107202,Low,,,26.1,311.0,210.0,5,Deep League,,193.0561790638248,-26.119365402752777,14.7,2.3,1.0,1.0,0.8647058823529411,Medium Risk
00-0038762,Matt Landers,WR,NE,166.93681366107202,Low,,,26.2,311.0,210.0,5,Deep League,,193.0561790638248,-26.119365402752777,14.7,2.3,1.0,1.0,0.8647058823529411,Medium Risk
00-0037055,Lance McCutcheon,WR,PIT,166.93681366107202,Low,,,26.5,311.0,210.0,5,Deep League,,193.0561790638248,-26.119365402752777,14.7,2.3,1.0,1.0,0.8647058823529411,Medium Risk
00-0038726,Jesse Matthews,WR,ATL,166.93681366107202,Low,,,26.1,311.0,210.0,5,Deep League,,193.0561790638248,-26.119365402752777,14.7,2.3,1.0,1.0,0.8647058823529411,Medium Risk
00-0038681,Jalen Wayne,WR,GB,166.93681366107202,Low,,,26.3,311.0,210.0,5,Deep League,,193.0561790638248,-26.119365402752777,14.7,2.3,1.0,1.0,0.8647058823529411,Medium Risk
00-0037570,Dennis Houston,WR,TB,166.93681366107202,Low,,,26.4,311.0,210.0,5,Deep League,,193.0561790638248,-26.119365402752777,14.7,2.3,1.0,1.0,0.8647058823529411,Medium Risk
00-0037460,Johnny Johnson III,WR,HOU,166.93681366107202,Low,,,26.3,311.0,210.0,5,Deep League,,193.0561790638248,-26.119365402752777,14.7,2.3,1.0,1.0,0.8647058823529411,Medium Risk
00-0039473,Xavier Johnson,WR,HOU,166.93681366107202,Low,,,26.3,311.0,210.0,5,Deep League,,193.0561790638248,-26.119365402752777,14.7,2.3,1.0,1.0,0.8647058823529411,Medium Risk
00-0037828,Danny Gray,WR,PHI,166.93681366107202,Low,,,26.4,311.0,210.0,5,Deep League,,193.0561790638248,-26.119365402752777,14.7,2.3,1.0,1.0,0.8647058823529411,Medium Risk
00-0038843,Jacob Copeland,WR,PIT,166.93681366107202,Low,,,26.1,311.0,210.0,5,Deep League,,193.0561790638248,-26.119365402752777,14.7,2.3,1.0,1.0,0.8647058823529411,Medium Risk
00-0038810,Thayer Thomas,WR,MIN,166.71345141379194,Low,,,27.3,331.0,230.0,5,Deep League,,192.7978689819363,-26.084417568144342,14.7,2.3,1.0,1.0,0.8647058823529411,Medium Risk
00-0037420,Kwamie Lassiter II,WR,CIN,166.71345141379194,Low,,,27.6,331.0,230.0,5,Deep League,,192.7978689819363,-26.084417568144342,14.7,2.3,1.0,1.0,0.8647058823529411,Medium Risk
00-0037380,Kaden Davis,WR,CLE,166.71345141379194,Low,,,26.9,331.0,230.0,5,Deep League,,192.7978689819363,-26.084417568144342,14.7,2.3,1.0,1.0,0.8647058823529411,Medium Risk
00-0037524,Tay Martin,WR,TEN,166.71345141379194,Low,,,27.7,331.0,230.0,5,Deep League,,192.7978689819363,-26.084417568144342,14.7,2.3,1.0,1.0,0.8647058823529411,Medium Risk
00-0038911,Malik Cunningham,WR,BAL,166.71345141379194,Low,,,26.9,331.0,230.0,5,Deep League,,192.7978689819363,-26.084417568144342,14.7,2.3,1.0,1.0,0.8647058823529411,Medium Risk
00-0037156,Irvin Charles,WR,NYJ,166.71345141379194,Low,0.0,1.0,28.4,331.0,230.0,5,Deep League,,192.7978689819363,-26.084417568144342,14.7,2.3,1.0,1.0,0.8647058823529411,Medium Risk
00-0038359,Xavier Smith,WR,LA,166.71345141379194,Low,,,27.9,331.0,230.0,5,Deep League,,192.7978689819363,-26.084417568144342,14.7,2.3,1.0,1.0,0.8647058823529411,Medium Risk
00-0038702,Daniel Arias,WR,ARI,166.71345141379194,Low,,,27.0,331.0,230.0,5,Deep League,,192.7978689819363,-26.084417568144342,14.7,2.3,1.0,1.0,0.8647058823529411,Medium Risk
00-0038860,Terrell Bynum,WR,LV,166.71345141379194,Low,,,27.1,331.0,230.0,5,Deep League,,192.7978689819363,-26.084417568144342,14.7,2.3,1.0,1.0,0.8647058823529411,Medium Risk
00-0037394,Ethan Fernea,WR,IND,166.71345141379194,Low,,,27.5,331.0,230.0,5,Deep League,,192.7978689819363,-26.084417568144342,14.7,2.3,1.0,1.0,0.8647058823529411,Medium Risk
00-0037422,Kendric Pryor,WR,CIN,166.71345141379194,Low,,,27.7,331.0,230.0,5,Deep League,,192.7978689819363,-26.084417568144342,14.7,2.3,1.0,1.0,0.8647058823529411,Medium Risk
00-0037334,Mike Harley Jr.,WR,MIA,166.71345141379194,Low,,,27.7,331.0,230.0,5,Deep League,,192.7978689819363,-26.084417568144342,14.7,2.3,1.0,1.0,0.8647058823529411,Medium Risk
00-0038667,Elijah Cooks,WR,PHI,166.71345141379194,Low,,,26.9,331.0,230.0,5,Deep League,,192.7978689819363,-26.084417568144342,14.7,2.3,1.0,1.0,0.8647058823529411,Medium Risk
00-0037185,Raleigh Webb,WR,TB,166.71345141379194,Low,,,27.7,331.0,230.0,5,Deep League,,192.7978689819363,-26.084417568144342,14.7,2.3,1.0,1.0,0.8647058823529411,Medium Risk
00-0039424,Devaughn Vele,WR,DEN,166.71345141379194,Low,,,27.7,331.0,230.0,5,Deep League,,192.7978689819363,-26.084417568144342,14.7,2.3,1.0,1.0,0.8647058823529411,Medium Risk
00-0037553,Jontre Kirklin,WR,SF,166.71345141379194,Low,,,26.9,331.0,230.0,5,Deep League,,192.7978689819363,-26.084417568144342,14.7,2.3,1.0,1.0,0.8647058823529411,Medium Risk
00-0037387,Jalen Virgil,WR,BUF,166.71345141379194,Low,,,27.1,331.0,230.0,5,Deep League,,192.7978689819363,-26.084417568144342,14.7,2.3,1.0,1.0,0.8647058823529411,Medium Risk
00-0037398,Samson Nacua,WR,NO,166.71345141379194,Low,,,27.6,331.0,230.0,5,Deep League,,192.7978689819363,-26.084417568144342,14.7,2.3,1.0,1.0,0.8647058823529411,Medium Risk
00-0037508,Justin Hall,WR,MIN,165.9305413119161,Low,,,26.6,349.0,248.0,5,Deep League,,191.8924627416717,-25.96192142975559,14.7,2.3,1.0,1.0,0.8647058823529411,Medium Risk
00-0037355,Braylon Sanders,WR,NE,165.9305413119161,Low,,,26.6,349.0,248.0,5,Deep League,,191.8924627416717,-25.96192142975559,14.7,2.3,1.0,1.0,0.8647058823529411,Medium Risk
00-0038492,Jason Brownlee,WR,KC,165.9305413119161,Low,,,26.6,349.0,248.0,5,Deep League,,191.8924627416717,-25.96192142975559,14.7,2.3,1.0,1.0,0.8647058823529411,Medium Risk
00-0038455,Sean Ryan,WR,BAL,165.9305413119161,Low,,,26.6,349.0,248.0,5,Deep League,,191.8924627416717,-25.96192142975559,14.7,2.3,1.0,1.0,0.8647058823529411,Medium Risk
00-0039591,Latreal Jones,WR,TB,165.9305413119161,Low,,,26.6,349.0,248.0,5,Deep League,,191.8924627416717,-25.96192142975559,14.7,2.3,1.0,1.0,0.8647058823529411,Medium Risk
00-0033536,Mike Williams,WR,PIT,164.12379376801326,Medium,88.20000153779984,3.0,30.9,354.0,253.0,5,Deep League,,199.1509274843844,-35.02713371637114,14.01,2.99,1.3,1.0,0.8241176470588235,High Risk
00-0034732,Alex McGough,WR,GB,162.64138715999448,Low,,,29.8,356.0,254.0,5,Deep League,,197.3521471605929,-34.71076000059841,14.01,2.99,1.3,1.0,0.8241176470588235,High Risk
00-0034395,Daurice Fountain,WR,DET,162.64138715999448,Low,,,29.7,356.0,254.0,5,Deep League,,197.3521471605929,-34.71076000059841,14.01,2.99,1.3,1.0,0.8241176470588235,High Risk
00-0035662,Marquise Brown,WR,KC,161.39721865153527,High,245.20000171661377,13.0,28.2,360.0,256.0,5,Deep League,,186.6498446990544,-25.25262604751913,14.7,2.3,1.0,1.0,0.8647058823529411,Medium Risk
00-0037741,Jahan Dotson,WR,PHI,161.3414414188807,High,243.3000030517578,17.0,25.4,361.0,257.0,5,Deep League,,186.58534041639265,-25.243898997511963,14.7,2.3,1.0,1.0,0.8647058823529411,Medium Risk
00-0039052,Trey Palmer,WR,TB,160.16055127414083,High,201.3999993801117,19.0,24.4,362.0,258.0,5,Deep League,,185.2196851469656,-25.05913387282476,14.7,2.3,1.0,1.0,0.8647058823529411,Medium Risk
00-0038544,Quentin Johnston,WR,LAC,159.94028585257158,High,172.50000232458115,17.0,24.0,363.0,259.0,5,Deep League,,182.11552977184976,-22.175243919278188,14.93,2.07,0.9,1.0,0.878235294117647,Medium Risk
00-0033282,Curtis Samuel,WR,BUF,159.33148991856794,High,283.699999332428,16.0,29.1,365.0,260.0,5,Deep League,,193.3358550046863,-34.004365086118355,14.01,2.99,1.3,1.0,0.8241176470588235,High Risk
00-0034406,Deon Cain,WR,BUF,158.88041456491337,Low,,,29.1,366.0,261.0,5,Deep League,,192.78851160624748,-33.90809704133412,14.01,2.99,1.3,1.0,0.8241176470588235,High Risk
00-0036259,Jauan Jennings,WR,SF,158.62341564561152,High,149.3400022611022,15.0,28.1,367.0,262.0,5,Deep League,,183.4420453044487,-24.81862965883718,14.7,2.3,1.0,1.0,0.8647058823529411,Medium Risk
00-0036936,Rondale Moore,WR,ATL,157.5612159687266,High,169.4000015258789,8.0,25.2,369.0,263.0,5,Deep League,,182.21365112029608,-24.65243515156948,14.7,2.3,1.0,1.0,0.8647058823529411,Medium Risk
00-0035529,Hakeem Butler,WR,CIN,156.85881839263791,Low,,,29.3,370.0,264.0,5,Deep League,,190.33546842789755,-33.47665003525964,14.01,2.99,1.3,1.0,0.8241176470588235,High Risk
00-0035621,Nsimba Webster,WR,CHI,156.85881839263791,Low,,,29.6,370.0,264.0,5,Deep League,,190.33546842789755,-33.47665003525964,14.01,2.99,1.3,1.0,0.8241176470588235,High Risk
00-0035164,Cody Thompson,WR,TB,156.85881839263791,Low,,,29.6,370.0,264.0,5,Deep League,,190.33546842789755,-33.47665003525964,14.01,2.99,1.3,1.0,0.8241176470588235,High Risk
00-0039062,Jonathan Mingo,WR,DAL,151.28799411085808,High,170.29999923706055,15.0,24.4,375.0,267.0,5,Deep League,,174.95890475405358,-23.670910643195494,14.7,2.3,1.0,1.0,0.8647058823529411,Medium Risk
00-0036849,Tutu Atwell,WR,LA,147.6820700071928,High,210.70000219345093,15.0,25.9,377.0,268.0,5,Deep League,,170.78878844369237,-23.106718436499563,14.7,2.3,1.0,1.0,0.8647058823529411,Medium Risk
00-0033009,Tyler Boyd,WR,TEN,146.9896047094958,High,277.3000046014786,17.0,30.8,378.0,269.0,5,Deep League,,178.35997716355666,-31.370372454060856,14.01,2.99,1.3,1.0,0.8241176470588235,High Risk
00-0036550,Rashod Bateman,WR,BAL,143.4407383374216,High,162.09999930858612,17.0,25.8,379.0,270.0,5,Deep League,,165.88384705688213,-22.443108719460525,14.7,2.3,1.0,1.0,0.8647058823529411,Medium Risk
00-0034764,Michael Gallup,WR,LV,142.5253850819113,High,216.0,16.0,29.5,381.0,271.0,5,Deep League,,172.9430083078153,-30.41762322590398,14.01,2.99,1.3,1.0,0.8241176470588235,High Risk
00-0032775,Demarcus Robinson,WR,LA,141.67322800733447,High,164.79999995231628,9.0,30.9,383.0,272.0,5,Deep League,,171.90898473409607,-30.235756726761597,14.01,2.99,1.3,1.0,0.8241176470588235,High Risk
00-0033943,Josh Reynolds,WR,JAX,140.18838984550982,High,269.0,19.0,30.5,385.0,273.0,5,Deep League,,170.10725391674995,-29.918864071240137,14.01,2.99,1.3,1.0,0.8241176470588235,High Risk
00-0036219,Marquez Callaway,WR,TB,138.55107507773616,High,252.8000030517578,17.0,27.4,389.0,274.0,5,Deep League,,160.22913444364048,-21.67805936590432,14.7,2.3,1.0,1.0,0.8647058823529411,Medium Risk
00-0032977,Rashard Higgins,WR,CLE,135.4751554042679,High,236.5,14.0,30.9,391.0,275.0,5,Deep League,,164.38812575821228,-28.912970353944388,14.01,2.99,1.3,1.0,0.8241176470588235,High Risk
00-0031547,DeVante Parker,WR,PHI,134.44038891416952,High,174.4000015258789,12.0,32.6,392.0,276.0,5,Deep League,,171.58307894451065,-37.14269003034113,13.32,3.68,1.6,1.0,0.7835294117647059,High Risk
00-0033555,Mack Hollins,WR,BUF,133.33665659493536,High,79.10000038146973,9.0,32.0,394.0,277.0,5,Deep League,,161.7932307004926,-28.456574105557223,14.01,2.99,1.3,1.0,0.8241176470588235,High Risk
00-0036326,Chase Claypool,WR,BUF,132.9061383374564,High,210.1400008574128,15.0,27.2,395.0,278.0,5,Deep League,,153.70097630862307,-20.794837971166658,14.7,2.3,1.0,1.0,0.8647058823529411,Medium Risk
00-0031373,Martavis Bryant,WR,WAS,127.85608745594531,High,259.2999985218048,16.0,33.7,399.0,279.0,5,Deep League,,163.1796911975278,-35.32360374158249,13.32,3.68,1.6,1.0,0.7835294117647059,High Risk
00-0037666,Jalen Tolbert,WR,DAL,126.70857257521676,High,106.80000114440918,14.0,26.5,401.0,280.0,5,Deep League,,146.5337233863051,-19.82515081108835,14.7,2.3,1.0,1.0,0.8647058823529411,Medium Risk
00-0030431,Robert Woods,WR,HOU,126.53239592180576,High,183.50000303983688,15.0,33.4,402.0,281.0,5,Deep League,,161.49029509539776,-34.95789917359198,13.32,3.68,1.6,1.0,0.7835294117647059,High Risk
00-0033891,Zay Jones,WR,ARI,124.52673558251756,High,143.10000228881836,9.0,30.4,405.0,282.0,5,Deep League,,151.10310527500346,-26.576369692485912,14.01,2.99,1.3,1.0,0.8241176470588235,High Risk
00-0032464,Kalif Raymond,WR,DET,123.28592557721232,High,175.4000015258789,17.0,31.1,406.0,283.0,5,Deep League,,149.59748285600352,-26.311557278791213,14.01,2.99,1.3,1.0,0.8241176470588235,High Risk
00-0035602,Alex Bachman,WR,LV,121.194541157952,Medium,0.199999988079071,1.0,29.3,407.0,284.0,5,Deep League,,147.0597572937319,-25.865216135779903,14.01,2.99,1.3,1.0,0.8241176470588235,High Risk
00-0038563,Tre Tucker,WR,LV,120.99974166451756,High,121.30000257492064,13.0,24.5,408.0,285.0,5,Deep League,,139.93167403379584,-18.93193236927827,14.7,2.3,1.0,1.0,0.8647058823529411,Medium Risk
00-0033591,Noah Brown,WR,WAS,119.62936434480932,High,175.60000076144934,11.0,29.7,409.0,286.0,5,Deep League,,145.16054203153166,-25.53117768672233,14.01,2.99,1.3,1.0,0.8241176470588235,High Risk
00-0033857,JuJu Smith-Schuster,WR,KC,119.40423749828872,High,117.5,11.0,28.8,410.0,287.0,5,Deep League,,138.0865331612863,-18.68229566299757,14.7,2.3,1.0,1.0,0.8647058823529411,Medium Risk
00-0038938,Jalin Hyatt,WR,NYG,118.81246025548324,Medium,105.8000030517578,13.0,23.9,412.0,288.0,5,Deep League,,135.28545374033592,-16.47299348485268,14.93,2.07,0.9,1.0,0.878235294117647,Medium Risk
00-0034521,Allen Lazard,WR,NYJ,118.67270541953332,High,111.60000038146973,13.0,29.7,413.0,289.0,5,Deep League,,143.99971392805614,-25.327008508522823,14.01,2.99,1.3,1.0,0.8241176470588235,High Risk
00-0036182,Nick Westbrook-Ikhine,WR,TEN,118.47745498889996,High,143.0,13.0,28.4,414.0,290.0,5,Deep League,,137.01474386471423,-18.537288875814284,14.7,2.3,1.0,1.0,0.8647058823529411,Medium Risk
00-0033466,Isaiah McKenzie,WR,MIA,117.88291779956413,High,223.7999992370605,16.0,30.4,415.0,291.0,5,Deep League,,143.04137063473163,-25.15845283516751,14.01,2.99,1.3,1.0,0.8241176470588235,High Risk
00-0036626,Dyami Brown,WR,WAS,116.12239927396438,High,61.45999923348427,13.0,25.8,417.0,292.0,5,Deep League,,134.2912100447207,-18.168810770756338,14.7,2.3,1.0,1.0,0.8647058823529411,Medium Risk
00-0038976,Marvin Mims Jr.,WR,DEN,114.96151687936376,Medium,117.20000076293944,15.0,23.5,422.0,293.0,5,Deep League,,130.90058854314697,-15.939071663783196,14.93,2.07,0.9,1.0,0.878235294117647,Medium Risk
00-0038619,Andrei Iosivas,WR,CIN,113.57735986893827,High,84.10000038146973,9.0,25.9,425.0,294.0,5,Deep League,,131.3479671953708,-17.770607326432525,14.7,2.3,1.0,1.0,0.8647058823529411,Medium Risk
00-0034765,Tre'Quan Smith,WR,DET,112.16669806460408,High,153.70000076293945,10.0,29.7,427.0,295.0,5,Deep League,,136.10520107767806,-23.93850301307397,14.01,2.99,1.3,1.0,0.8241176470588235,High Risk
00-0036671,Dax Milne,WR,CAR,111.04376614761344,Medium,35.40000019222498,9.0,26.2,429.0,296.0,5,Deep League,,128.41796085098153,-17.374194703368104,14.7,2.3,1.0,1.0,0.8647058823529411,Medium Risk
00-0033375,Tim Patrick,WR,DET,110.7125221118179,High,280.9000015258789,16.0,31.8,430.0,297.0,5,Deep League,,134.34067636694536,-23.628154255127452,14.01,2.99,1.3,1.0,0.8241176470588235,High Risk
00-0038606,Parker Washington,WR,JAX,108.29983651171862,Medium,70.19999980926514,6.0,23.4,433.0,298.0,5,Deep League,,123.31528604817258,-15.015449536453955,14.93,2.07,0.9,1.0,0.878235294117647,Medium Risk
00-0034272,Marquez Valdes-Scantling,WR,NO,107.85709569359284,High,147.8000030517578,20.0,30.9,434.0,299.0,5,Deep League,,130.87584773669366,-23.018752043100832,14.01,2.99,1.3,1.0,0.8241176470588235,High Risk
00-0036415,Van Jefferson,WR,PIT,106.08117461096768,High,81.79999962449074,14.0,29.1,436.0,300.0,5,Deep League,,128.7209113766203,-22.63973676565263,14.01,2.99,1.3,1.0,0.8241176470588235,High Risk
00-0035208,Olamide Zaccheaus,WR,WAS,105.6309660081896,High,63.39999961853027,12.0,28.1,437.0,301.0,5,Deep League,,122.15826000947096,-16.527294001281376,14.7,2.3,1.0,1.0,0.8647058823529411,Medium Risk
00-0038979,Cedric Tillman,WR,CLE,104.01372207779968,High,94.1999996304512,11.0,25.4,439.0,302.0,5,Deep League,,120.28797791310168,-16.274255835302,14.7,2.3,1.0,1.0,0.8647058823529411,Medium Risk
00-0032398,Chris Moore,WR,WAS,102.40381131865014,High,212.6000030636788,15.0,32.2,441.0,303.0,5,Deep League,,130.6955549862652,-28.29174366761505,13.32,3.68,1.6,1.0,0.7835294117647059,High Risk
00-0031549,Nelson Agholor,WR,BAL,100.64557208468248,High,189.20000076293945,18.0,32.3,444.0,304.0,5,Deep League,,128.45155596393408,-27.805983879251613,13.32,3.68,1.6,1.0,0.7835294117647059,High Risk
00-0033572,Jamal Agnew,WR,PIT,100.14769905011354,High,132.69999980926514,16.0,30.4,445.0,305.0,5,Deep League,,121.5211194755125,-21.37342042539896,14.01,2.99,1.3,1.0,0.8241176470588235,High Risk
00-0038752,Jake Bobo,WR,SEA,99.56368184089384,High,95.90000039339066,14.0,27.1,447.0,306.0,5,Deep League,,115.14167287722417,-15.577991036330332,14.7,2.3,1.0,1.0,0.8647058823529411,Medium Risk
00-0037382,Brandon Johnson,WR,PIT,98.57379361802262,High,111.9000015258789,10.0,27.1,461.0,307.0,5,Deep League,,113.9969041841078,-15.423110566085183,14.7,2.3,1.0,1.0,0.8647058823529411,Medium Risk
00-0038465,Malik Heath,WR,GB,96.5748497647936,High,62.0,12.0,25.4,477.0,308.0,5,Deep League,,111.68520040826472,-15.110350643471122,14.7,2.3,1.0,1.0,0.8647058823529411,Medium Risk
00-0038496,Xavier Gipson,WR,NYJ,95.95454853008415,High,105.20000171661376,13.0,24.5,487.0,309.0,5,Deep League,,110.96784523887284,-15.013296708788689,14.7,2.3,1.0,1.0,0.8647058823529411,Medium Risk
00-0036271,Quez Watkins,WR,PIT,95.855275182827,High,159.800000756979,18.0,27.2,488.0,310.0,5,Deep League,,110.85303932707886,-14.99776414425186,14.7,2.3,1.0,1.0,0.8647058823529411,Medium Risk
00-0037257,David Bell,WR,CLE,95.56855065008206,High,106.10000038146973,10.0,24.7,493.0,311.0,5,Deep League,,110.52145313274796,-14.952902482665904,14.7,2.3,1.0,1.0,0.8647058823529411,Medium Risk
00-0037487,Deven Thompkins,WR,CAR,92.47875704662388,High,80.80000019073486,14.0,25.7,524.0,312.0,5,Deep League,,106.94822243487116,-14.469465388247286,14.7,2.3,1.0,1.0,0.8647058823529411,Medium Risk
00-0037837,Calvin Austin III,WR,PIT,91.74291493076318,High,104.9000005722046,15.0,26.4,530.0,313.0,5,Deep League,,106.097248559386,-14.354333628622824,14.7,2.3,1.0,1.0,0.8647058823529411,Medium Risk
00-0034777,DJ Chark,WR,LAC,91.63350171523705,High,192.0,14.0,28.9,540.0,314.0,5,Deep League,,105.97071626932176,-14.33721455408471,14.7,2.3,1.0,1.0,0.8647058823529411,Medium Risk
00-0035406,Lil'Jordan Humphrey,WR,DEN,90.7188311695094,High,75.70000076293945,11.0,27.4,541.0,315.0,5,Deep League,,104.91293400555509,-14.1941028360457,14.7,2.3,1.0,1.0,0.8647058823529411,Medium Risk
00-0036255,Denzel Mims,WR,PIT,90.2914851913724,High,38.30000019073486,10.0,27.9,542.0,316.0,5,Deep League,,104.4187243709749,-14.127239179602498,14.7,2.3,1.0,1.0,0.8647058823529411,Medium Risk
00-0031235,Odell Beckham Jr.,WR,MIA,89.5528791988791,High,204.4000015258789,16.0,32.8,544.0,317.0,5,Deep League,,114.2942151937646,-24.741335994885503,13.32,3.68,1.6,1.0,0.7835294117647059,High Risk
00-0037614,John Metchie III,WR,HOU,88.6491724217244,High,79.00000071525574,15.0,25.1,545.0,318.0,5,Deep League,,102.5194510999534,-13.870278678229,14.7,2.3,1.0,1.0,0.8647058823529411,Medium Risk
00-0035298,Scott Miller,WR,PIT,86.98634450440012,High,61.60000038146973,9.0,28.1,550.0,319.0,5,Deep League,,100.59645282821783,-13.610108323817713,14.7,2.3,1.0,1.0,0.8647058823529411,Medium Risk
00-0034418,Cedrick Wilson Jr.,WR,NO,86.72582941573549,High,129.79999923706055,12.0,29.8,551.0,320.0,5,Deep League,,105.23476802765906,-18.50893861192357,14.01,2.99,1.3,1.0,0.8241176470588235,High Risk
00-0034386,Justin Watson,WR,KC,86.55841823465815,High,186.5,19.0,29.4,552.0,321.0,5,Deep League,,105.03162812199776,-18.473209887339607,14.01,2.99,1.3,1.0,0.8241176470588235,High Risk
00-0035500,Greg Dortch,WR,ARI,86.17836323525515,High,115.0,9.0,27.3,554.0,322.0,5,Deep League,,99.66205272104338,-13.483689485788233,14.7,2.3,1.0,1.0,0.8647058823529411,Medium Risk
00-0031868,Damiere Byrd,WR,BUF,84.18863990274689,High,80.30000114440918,12.0,32.6,555.0,323.0,5,Deep League,,107.44796383984212,-23.259323937095232,13.32,3.68,1.6,1.0,0.7835294117647059,High Risk
00-0038618,Xavier Hutchinson,WR,HOU,84.01613464353456,High,53.30000066757202,13.0,25.3,556.0,324.0,5,Deep League,,97.16151625442772,-13.145381610893168,14.7,2.3,1.0,1.0,0.8647058823529411,Medium Risk
00-0034407,Ray-Ray McCloud,WR,ATL,83.54674552348301,Medium,65.60000038146973,9.0,28.9,557.0,325.0,5,Deep League,,96.61868529926608,-13.071939775783065,14.7,2.3,1.0,1.0,0.8647058823529411,Medium Risk
00-0037801,KaVontae Turpin,WR,DAL,82.36626506443578,High,97.20000076293944,12.0,29.1,558.0,326.0,5,Deep League,,99.9447898711926,-17.578524806756818,14.01,2.99,1.3,1.0,0.8241176470588235,High Risk
00-0033251,Zach Pascal,WR,ARI,81.59572625895517,High,84.0,15.0,30.7,559.0,327.0,5,Deep League,,99.00980345483497,-17.4140771958798,14.01,2.99,1.3,1.0,0.8241176470588235,High Risk
00-0035140,Mecole Hardman,WR,KC,81.4607082131963,High,85.90000039339066,10.0,27.5,560.0,328.0,5,Deep League,,94.2062611989345,-12.7455529857382,14.7,2.3,1.0,1.0,0.8647058823529411,Medium Risk
00-0036497,Tim Jones,WR,JAX,80.80620377397962,High,39.80000019073486,9.0,27.3,563.0,329.0,5,Deep League,,93.44935130324174,-12.643147529262125,14.7,2.3,1.0,1.0,0.8647058823529411,Medium Risk
00-0034854,KhaDarel Hodge,WR,ATL,79.69202182408533,High,71.70000076293945,13.0,30.7,566.0,330.0,5,Deep League,,96.6998123489972,-17.00779052491187,14.01,2.99,1.3,1.0,0.8241176470588235,High Risk
00-0038941,Tyler Scott,WR,CHI,78.42870407148774,High,78.90000104904175,13.0,23.9,570.0,331.0,5,Deep League,,89.30261012828478,-10.87390605679704,14.93,2.07,0.9,1.0,0.878235294117647,Medium Risk
00-0032208,Phillip Dorsett,WR,ATL,77.76698665161693,High,92.70000076293944,14.0,32.7,575.0,332.0,5,Deep League,,99.25216014095254,-21.485173489335608,13.32,3.68,1.6,1.0,0.7835294117647059,High Risk
00-0031428,Allen Robinson,WR,DET,76.60819840121455,Medium,129.20000076293945,16.0,32.0,582.0,333.0,5,Deep League,,92.95784245686276,-16.349644055648213,14.01,2.99,1.3,1.0,0.8241176470588235,High Risk
00-0036165,Isaiah Hodgins,WR,NYG,74.81948460111848,High,105.5,14.0,26.9,585.0,334.0,5,Deep League,,86.52593457272205,-11.706449971603575,14.7,2.3,1.0,1.0,0.8647058823529411,Medium Risk
00-0038608,Kayshon Boutte,WR,NE,74.81623779069483,Medium,7.900000095367432,3.0,23.3,586.0,335.0,5,Deep League,,85.1892861648903,-10.373048374195475,14.93,2.07,0.9,1.0,0.878235294117647,Medium Risk
00-0032385,Sterling Shepard,WR,TB,74.25521098360188,Medium,41.80000030994415,10.0,32.6,589.0,336.0,5,Deep League,,94.77016416826066,-20.51495318465878,13.32,3.68,1.6,1.0,0.7835294117647059,High Risk
00-0038573,Derius Davis,WR,LAC,72.10029020424248,High,66.2000002861023,14.0,25.0,596.0,337.0,5,Deep League,,83.38128799130084,-11.280997787058354,14.7,2.3,1.0,1.0,0.8647058823529411,Medium Risk
00-0036247,Freddie Swain,WR,CHI,71.13721303765551,High,140.49999928474426,16.0,27.1,600.0,338.0,5,Deep League,,82.26752528164243,-11.13031224398692,14.7,2.3,1.0,1.0,0.8647058823529411,Medium Risk
00-0033589,David Moore,WR,CAR,70.60561808686037,Medium,55.10000038146973,8.0,30.6,604.0,339.0,5,Deep League,,85.67419753580488,-15.068579448944504,14.01,2.99,1.3,1.0,0.8241176470588235,High Risk
00-0036277,Quintez Cephus,WR,LA,70.19664425892371,High,78.89999961853027,5.0,27.4,606.0,340.0,5,Deep League,,81.17979268038798,-10.983148421464264,14.7,2.3,1.0,1.0,0.8647058823529411,Medium Risk
00-0036999,Anthony Schwartz,WR,MIA,69.66352536768424,High,61.40000009536743,12.0,25.0,610.0,341.0,5,Deep League,,80.56326062929472,-10.899735261610472,14.7,2.3,1.0,1.0,0.8647058823529411,Medium Risk
00-0032791,Jakeem Grant,WR,ATL,69.24322314252504,High,159.8000030517578,14.0,32.8,612.0,342.0,5,Deep League,,88.37348298970913,-19.13025984718409,13.32,3.68,1.6,1.0,0.7835294117647059,High Risk
00-0034297,Byron Pringle,WR,WAS,67.7122627083632,Medium,58.5,8.0,31.8,616.0,343.0,5,Deep League,,82.16334518502316,-14.451082476659964,14.01,2.99,1.3,1.0,0.8241176470588235,High Risk
00-0035045,D.J. Montgomery,WR,IND,67.68274622671832,Medium,13.100000143051147,1.0,28.8,618.0,344.0,5,Deep League,,78.27256366355181,-10.589817436833483,14.7,2.3,1.0,1.0,0.8647058823529411,Medium Risk
00-0036913,Kadarius Toney,WR,CLE,66.91277957589953,High,119.00000143051147,13.0,26.6,620.0,345.0,5,Deep League,,77.38212604015592,-10.46934646425639,14.7,2.3,1.0,1.0,0.8647058823529411,Medium Risk
00-0031941,Jamison Crowder,WR,WAS,66.85443549280491,High,69.90000057220459,7.0,32.2,621.0,346.0,5,Deep League,,85.32472998330957,-18.470294490504656,13.32,3.68,1.6,1.0,0.7835294117647059,High Risk
00-0035645,Gunner Olszewski,WR,NYG,66.78821324818864,High,29.70000028610229,10.0,28.8,622.0,347.0,5,Deep League,,77.23806974280319,-10.44985649461455,14.7,2.3,1.0,1.0,0.8647058823529411,Medium Risk
00-0031763,DeAndre Carter,WR,CHI,66.7273715346581,High,19.20000004768372,8.0,32.4,623.0,348.0,5,Deep League,,85.16256126795703,-18.435189733298927,13.32,3.68,1.6,1.0,0.7835294117647059,High Risk
00-0035891,Cody White,WR,SEA,66.59349520586576,Medium,2.700000002980232,1.0,26.8,624.0,349.0,5,Deep League,,77.01288561222572,-10.419390406359952,14.7,2.3,1.0,1.0,0.8647058823529411,Medium Risk
00-0034104,Cam Sims,WR,CAR,66.14725085069617,High,82.8000003695488,10.0,29.7,627.0,350.0,5,Deep League,,80.26433008292898,-14.117079232232811,14.01,2.99,1.3,1.0,0.8241176470588235,High Risk
00-0038821,Rakim Jarrett,WR,TB,65.54333568710517,Medium,17.5,6.0,24.6,630.0,351.0,5,Deep League,,75.79841542046177,-10.255079733356595,14.7,2.3,1.0,1.0,0.8647058823529411,Medium Risk
00-0034487,Trent Sherfield,WR,MIN,65.14205909020988,High,50.30000019073486,10.0,29.5,633.0,352.0,5,Deep League,,79.04461131574362,-13.90255222553374,14.01,2.99,1.3,1.0,0.8241176470588235,High Risk
00-0036387,Jalen Reagor,WR,LAC,65.00704488824066,High,45.50000023841858,9.0,26.7,635.0,353.0,5,Deep League,,75.17821517687696,-10.171170288636304,14.7,2.3,1.0,1.0,0.8647058823529411,Medium Risk
00-0034419,Braxton Berrios,WR,MIA,62.86997301049766,High,120.90000116825104,14.0,29.9,643.0,354.0,5,Deep League,,76.28761892779873,-13.417645917301073,14.01,2.99,1.3,1.0,0.8241176470588235,High Risk
00-0036862,Ben Skowronek,WR,PIT,61.2823080402165,High,41.49999994039536,10.0,28.2,649.0,355.0,5,Deep League,,70.8706963730395,-9.588388332822994,14.7,2.3,1.0,1.0,0.8647058823529411,Medium Risk
00-0038104,Tyquan Thornton,WR,KC,60.78299205519676,Medium,52.200000286102295,9.0,25.1,650.0,356.0,5,Deep League,,70.29325611825476,-9.510264063058004,14.7,2.3,1.0,1.0,0.8647058823529411,Medium Risk
00-0037742,Treylon Burks,WR,TEN,60.10234667652532,Medium,74.40000033378601,9.0,25.4,652.0,357.0,5,Deep League,,69.50611520414493,-9.403768527619611,14.7,2.3,1.0,1.0,0.8647058823529411,Medium Risk
00-0036183,Kristian Wilkerson,WR,LV,60.01452114180999,Medium,28.20000028610229,1.0,28.6,653.0,358.0,5,Deep League,,69.40454825923605,-9.390027117426058,14.7,2.3,1.0,1.0,0.8647058823529411,Medium Risk
00-0035341,Trenton Irwin,WR,CAR,59.94754013394239,High,115.10000038146973,10.0,29.7,654.0,359.0,5,Deep League,,72.74148338879519,-12.7939432548528,14.01,2.99,1.3,1.0,0.8241176470588235,High Risk
00-0037098,Samori Toure,WR,CHI,56.943890039455,Medium,28.699999809265137,4.0,27.4,660.0,360.0,5,Deep League,,65.85347827692075,-8.909588237465755,14.7,2.3,1.0,1.0,0.8647058823529411,Medium Risk
00-0036955,Terrace Marshall Jr.,WR,LV,56.78501123810002,Medium,69.39999961853027,8.0,25.2,661.0,361.0,5,Deep League,,65.66974088759866,-8.884729649498645,14.7,2.3,1.0,1.0,0.8647058823529411,Medium Risk
00-0038090,Skyy Moore,WR,KC,56.77889667097983,High,100.7000014781952,13.0,25.0,662.0,362.0,5,Deep League,,65.66266961950049,-8.883772948520658,14.7,2.3,1.0,1.0,0.8647058823529411,Medium Risk
00-0034054,River Cracraft,WR,MIA,56.53042772209598,High,58.89999961853027,7.0,30.8,663.0,363.0,5,Deep League,,68.59509430946693,-12.06466658737095,14.01,2.99,1.3,1.0,0.8241176470588235,High Risk
00-0032688,Robbie Chosen,WR,MIA,56.063703987005695,High,31.600000381469727,5.0,32.3,665.0,364.0,5,Deep League,,71.55277535879105,-15.489071371785355,13.32,3.68,1.6,1.0,0.7835294117647059,High Risk
00-0037091,Bo Melton,WR,GB,55.90763605217749,High,100.99999952316284,6.0,26.3,666.0,365.0,5,Deep League,,64.65508931204201,-8.747453259864514,14.7,2.3,1.0,1.0,0.8647058823529411,Medium Risk
00-0035414,Jalen Guyton,WR,LV,55.8851499613925,Medium,13.400000095367432,2.0,28.2,667.0,366.0,5,Deep League,,64.62908498936548,-8.74393502797298,14.7,2.3,1.0,1.0,0.8647058823529411,Medium Risk
00-0035639,Parris Campbell,WR,PHI,54.279294322424725,Medium,68.40000057220459,8.0,28.1,670.0,367.0,5,Deep League,,62.77197302593336,-8.492678703508638,14.7,2.3,1.0,1.0,0.8647058823529411,Medium Risk
00-0032128,Chris Conley,WR,SF,54.14441759790586,Medium,26.90000057220459,3.0,32.9,671.0,368.0,5,Deep League,,69.10323567300297,-14.958818075097112,13.32,3.68,1.6,1.0,0.7835294117647059,High Risk
00-0034279,Equanimeous St. Brown,WR,NO,53.40706386783617,High,114.30000162124634,16.0,28.9,674.0,369.0,5,Deep League,,61.76327113967449,-8.356207271838315,14.7,2.3,1.0,1.0,0.8647058823529411,Medium Risk
00-0032951,Laquon Treadwell,WR,IND,52.95820193273971,Medium,22.199999809265137,3.0,30.2,676.0,370.0,5,Deep League,,64.26048771281764,-11.302285780077924,14.01,2.99,1.3,1.0,0.8241176470588235,High Risk
00-0035510,Jeff Smith,WR,ARI,50.71035365761091,Medium,37.70000018924475,8.0,28.4,683.0,371.0,5,Deep League,,58.64462667886976,-7.934273021258853,14.7,2.3,1.0,1.0,0.8647058823529411,Medium Risk
00-0036412,KJ Hamler,WR,BUF,50.25108818996286,High,23.89999961853028,3.0,26.2,684.0,372.0,5,Deep League,,58.113503348936646,-7.862415158973789,14.7,2.3,1.0,1.0,0.8647058823529411,Medium Risk
00-0035457,Tyron Johnson,WR,DAL,50.21423534654831,Medium,7.600000023841858,4.0,29.6,686.0,373.0,5,Deep League,,60.930906558980816,-10.716671212432509,14.01,2.99,1.3,1.0,0.8241176470588235,High Risk
00-0035215,Deonte Harty,WR,BAL,47.88709954073471,High,6.300000071525574,2.0,27.7,693.0,374.0,5,Deep League,,55.37963892465919,-7.49253938392448,14.7,2.3,1.0,1.0,0.8647058823529411,Medium Risk
00-0037291,Jalen Nailor,WR,MIN,47.40982298526307,Medium,11.400000095367432,2.0,26.5,697.0,375.0,5,Deep League,,54.82768644554233,-7.417863460279257,14.7,2.3,1.0,1.0,0.8647058823529411,Medium Risk
00-0037216,Justyn Ross,WR,KC,47.04910866708401,Medium,22.300000190734863,5.0,25.7,698.0,376.0,5,Deep League,,54.4105338326822,-7.361425165598185,14.7,2.3,1.0,1.0,0.8647058823529411,Medium Risk
00-0034646,Brandon Powell,WR,MIN,47.00807300096916,High,134.10000157356262,13.0,30.0,699.0,377.0,5,Deep League,,57.04048829525165,-10.032415294282494,14.01,2.99,1.3,1.0,0.8241176470588235,High Risk
00-0038647,Ronnie Bell,WR,SF,45.539176568707205,Medium,44.80000019073486,8.0,25.6,701.0,378.0,5,Deep League,,52.66435385496752,-7.1251772862603175,14.7,2.3,1.0,1.0,0.8647058823529411,Medium Risk
00-0034867,Malik Turner,WR,SF,44.94039156938486,High,78.0,11.0,29.6,705.0,379.0,5,Deep League,,54.53152438826143,-9.591132818876574,14.01,2.99,1.3,1.0,0.8241176470588235,High Risk
00-0037132,Britain Covey,WR,PHI,44.8963351861194,Medium,16.199999809265137,2.0,28.5,706.0,380.0,5,Deep League,,51.92093184789319,-7.024596661773792,14.7,2.3,1.0,1.0,0.8647058823529411,Medium Risk
00-0038640,Jalen Brooks,WR,DAL,44.49855808581858,High,25.40000009536743,3.0,25.3,708.0,381.0,5,Deep League,,51.46091751421197,-6.962359428393391,14.7,2.3,1.0,1.0,0.8647058823529411,Medium Risk
00-0036331,Devin Duvernay,WR,JAX,44.43678789053314,High,15.299999952316284,6.0,28.0,709.0,382.0,5,Deep League,,51.38948259449411,-6.952694703960972,14.7,2.3,1.0,1.0,0.8647058823529411,Medium Risk
00-0037273,Kyle Philips,WR,PHI,43.790008759839246,Medium,30.799999713897705,4.0,26.2,712.0,383.0,5,Deep League,,50.6415067290658,-6.851497969226557,14.7,2.3,1.0,1.0,0.8647058823529411,Medium Risk
00-0036841,Austin Trammell,WR,JAX,42.24893931121208,Medium,14.900000095367432,2.0,27.2,716.0,384.0,5,Deep League,,48.859317570789486,-6.610378259577402,14.7,2.3,1.0,1.0,0.8647058823529411,Medium Risk
00-0036427,Tyler Johnson,WR,LA,41.210949945756674,High,12.800000011920927,1.0,27.0,718.0,385.0,5,Deep League,,47.65892170597711,-6.447971760220433,14.7,2.3,1.0,1.0,0.8647058823529411,Medium Risk
00-0032543,Alex Erickson,WR,HOU,40.91126891547613,Medium,15.0,4.0,32.8,719.0,386.0,5,Deep League,,52.21408194918124,-11.302813033705114,13.32,3.68,1.6,1.0,0.7835294117647059,High Risk
00-0034860,Dante Pettis,WR,NO,40.2814308132433,High,105.70000004768372,14.0,29.9,721.0,387.0,5,Deep League,,48.87825294968852,-8.596822136445219,14.01,2.99,1.3,1.0,0.8241176470588235,High Risk
00-0036527,DJ Turner,WR,LV,39.52429592596718,High,5.599999904632568,2.0,28.6,723.0,388.0,5,Deep League,,45.708369438193344,-6.184073512226163,14.7,2.3,1.0,1.0,0.8647058823529411,Medium Risk
00-0034928,Steven Sims,WR,BAL,39.03527590982311,High,11.600000001490116,2.0,28.4,726.0,389.0,5,Deep League,,45.14283608619,-6.1075601763668885,14.7,2.3,1.0,1.0,0.8647058823529411,Medium Risk
00-0034317,Keith Kirkwood,WR,BAL,35.57270329117848,Medium,7.799999952316284,3.0,30.7,732.0,390.0,5,Deep League,,43.16459357245069,-7.591890281272214,14.01,2.99,1.3,1.0,0.8241176470588235,High Risk
00-0038576,Charlie Jones,WR,CIN,35.42247613469263,Medium,30.200000166893005,4.0,26.8,733.0,391.0,5,Deep League,,40.964768319032295,-5.542292184339665,14.7,2.3,1.0,1.0,0.8647058823529411,Medium Risk
00-0036176,Mason Kinsey,WR,TEN,34.847639660544544,High,3.100000023841858,1.0,27.0,736.0,392.0,5,Deep League,,40.29999144416716,-5.452351783622618,14.7,2.3,1.0,1.0,0.8647058823529411,Medium Risk
00-0036635,Ihmir Smith-Marsette,WR,NYG,34.667942362517444,Medium,4.399999998509884,3.0,26.0,738.0,393.0,5,Deep League,,40.09217824236711,-5.424235879849668,14.7,2.3,1.0,1.0,0.8647058823529411,Medium Risk
00-0036268,Laviska Shenault Jr.,WR,LAC,33.966872799215736,Medium,47.5,8.0,26.9,740.0,394.0,5,Deep League,,39.28141752290256,-5.314544723686822,14.7,2.3,1.0,1.0,0.8647058823529411,Medium Risk
00-0034653,Deontay Burnett,WR,DAL,33.905258747002826,Medium,13.800000190734863,2.0,27.9,741.0,395.0,5,Deep League,,39.21016317680599,-5.304904429803166,14.7,2.3,1.0,1.0,0.8647058823529411,Medium Risk
00-0037093,Dareke Young,WR,SEA,33.39815814356939,High,14.0,2.0,26.2,743.0,396.0,5,Deep League,,38.62372030208705,-5.225562158517661,14.7,2.3,1.0,1.0,0.8647058823529411,Medium Risk
00-0036482,Mike Strachan,WR,WAS,33.32169811122491,High,16.40000009536743,5.0,28.1,745.0,397.0,5,Deep League,,38.53529713543017,-5.213599024205259,14.7,2.3,1.0,1.0,0.8647058823529411,Medium Risk
00-0035359,David Sills,WR,DEN,31.407228125375138,Medium,7.700000047683716,4.0,30.3,751.0,398.0,5,Deep League,,38.110126918727865,-6.702898793352727,14.01,2.99,1.3,1.0,0.8241176470588235,High Risk
00-0036646,Simi Fehoko,WR,LAC,31.22424557477885,Medium,10.400000035762789,1.0,27.8,753.0,399.0,5,Deep League,,36.10967175314561,-4.88542617836676,14.7,2.3,1.0,1.0,0.8647058823529411,Medium Risk
00-0036652,Racey McMath,WR,DAL,30.53190094420279,Medium,5.800000011920929,5.0,26.2,756.0,400.0,5,Deep League,,35.3090010919352,-4.777100147732412,14.7,2.3,1.0,1.0,0.8647058823529411,Medium Risk
00-0035021,Ashton Dulin,WR,IND,27.69708504274442,High,79.00000077486038,7.0,28.3,762.0,401.0,5,Deep League,,32.03064256643913,-4.333557523694708,14.7,2.3,1.0,1.0,0.8647058823529411,Medium Risk
00-0033460,John Ross,WR,PHI,27.33897686999196,Medium,66.99999964237213,9.0,29.8,764.0,402.0,5,Deep League,,33.17363360384463,-5.834656733852672,14.01,2.99,1.3,1.0,0.8241176470588235,High Risk
00-0038092,Erik Ezukanma,WR,MIA,26.15024681207755,Medium,5.700000047683716,2.0,25.6,768.0,403.0,5,Deep League,,30.24178202757268,-4.091535215495128,14.7,2.3,1.0,1.0,0.8647058823529411,Medium Risk
00-0035593,Juwann Winfree,WR,IND,25.941176470588232,Medium,5.200000047683716,3.0,29.0,770.0,404.0,5,Deep League,,30.0,-4.058823529411768,14.7,2.3,1.0,1.0,0.8647058823529411,Medium Risk
00-0036630,Tylan Wallace,WR,BAL,25.941176470588232,Medium,4.600000023841858,1.0,26.3,770.0,404.0,5,Deep League,,30.0,-4.058823529411768,14.7,2.3,1.0,1.0,0.8647058823529411,Medium Risk
00-0035527,Andy Isabella,WR,PIT,25.941176470588232,High,9.699999906122684,3.0,28.8,770.0,404.0,5,Deep League,,30.0,-4.058823529411768,14.7,2.3,1.0,1.0,0.8647058823529411,Medium Risk
00-0036620,Dee Eskridge,WR,MIA,25.941176470588232,High,2.5,3.0,28.4,770.0,404.0,5,Deep League,,30.0,-4.058823529411768,14.7,2.3,1.0,1.0,0.8647058823529411,Medium Risk
00-0036133,James Proche,WR,CLE,25.941176470588232,Low,0.0,2.0,28.9,770.0,404.0,5,Deep League,,30.0,-4.058823529411768,14.7,2.3,1.0,1.0,0.8647058823529411,Medium Risk
00-0035399,Stanley Morgan,WR,TEN,25.941176470588232,High,6.900000035762787,3.0,29.0,770.0,404.0,5,Deep League,,30.0,-4.058823529411768,14.7,2.3,1.0,1.0,0.8647058823529411,Medium Risk
00-0036439,Tyrie Cleveland,WR,IND,25.941176470588232,Low,0.0,1.0,27.9,770.0,404.0,5,Deep League,,30.0,-4.058823529411768,14.7,2.3,1.0,1.0,0.8647058823529411,Medium Risk
00-0035703,Miles Boykin,WR,SEA,25.941176470588232,Medium,7.100000023841858,3.0,28.9,770.0,404.0,5,Deep League,,30.0,-4.058823529411768,14.7,2.3,1.0,1.0,0.8647058823529411,Medium Risk
00-0037300,Mike Woods,WR,CLE,25.941176470588232,Medium,20.0,6.0,25.5,770.0,404.0,5,Deep League,,30.0,-4.058823529411768,14.7,2.3,1.0,1.0,0.8647058823529411,Medium Risk
00-0036254,Collin Johnson,WR,CHI,25.941176470588232,Medium,4.600000023841858,1.0,27.9,770.0,404.0,5,Deep League,,30.0,-4.058823529411768,14.7,2.3,1.0,1.0,0.8647058823529411,Medium Risk
00-0037348,Tanner Conner,WR,MIA,25.941176470588232,Low,0.0,2.0,27.5,770.0,404.0,5,Deep League,,30.0,-4.058823529411768,14.7,2.3,1.0,1.0,0.8647058823529411,Medium Risk
00-0036877,Jaelon Darden,WR,SEA,25.941176470588232,Medium,9.2999999076128,3.0,26.6,770.0,404.0,5,Deep League,,30.0,-4.058823529411768,14.7,2.3,1.0,1.0,0.8647058823529411,Medium Risk
00-0034353,Anthony Miller,WR,BAL,24.723529411764705,Medium,26.5,3.0,30.9,873.0,416.0,5,Deep League,,30.0,-5.276470588235295,14.01,2.99,1.3,1.0,0.8241176470588235,High Risk
00-0035544,Tom Kennedy,WR,DET,24.723529411764705,Medium,41.10000038146973,5.0,29.1,873.0,416.0,5,Deep League,,30.0,-5.276470588235295,14.01,2.99,1.3,1.0,0.8241176470588235,High Risk
00-0033292,Trent Taylor,WR,SF,24.723529411764705,Medium,0.2999999970197677,3.0,31.3,873.0,416.0,5,Deep League,,30.0,-5.276470588235295,14.01,2.99,1.3,1.0,0.8241176470588235,High Risk
00-0035480,Malik Taylor,WR,NYJ,24.723529411764705,Medium,7.399999976158142,1.0,29.7,873.0,416.0,5,Deep League,,30.0,-5.276470588235295,14.01,2.99,1.3,1.0,0.8241176470588235,High Risk
